;H1-1;H1-2;H1-3;H2-1;H2-2;H2-3;H3-1;H3-2;H3-3
A0A0B4J1B8;1;1;1;1;1;1;1;1;1
A0A3Q2GRR8;1;1;1;1;0;1;1;0;0
A0A3Q2GRS8;1;1;1;1;0;1;0;1;0
A0A3Q2GRW3;1;1;1;1;1;1;1;0;1
A0A3Q2GS39;1;1;1;1;1;1;1;1;1
A0A3Q2GS42;1;1;1;1;1;1;1;1;1
A0A3Q2GSD9;1;1;1;1;1;1;1;1;1
A0A3Q2GSE1;1;1;0;1;1;0;1;0;0
A0A3Q2GSF8;1;1;1;1;1;1;1;1;1
A0A3Q2GSH5;1;1;1;1;1;1;0;1;0
A0A3Q2GSI4;1;1;1;1;1;1;1;1;1
A0A3Q2GSJ8;1;1;1;1;1;1;1;1;1
A0A3Q2GSM3;1;1;1;1;1;1;1;1;1
A0A3Q2GSR0;1;1;1;1;1;1;1;1;1
A0A3Q2GST2;1;1;1;1;1;1;1;1;1
A0A3Q2GST7;1;1;1;1;1;0;1;1;1
A0A3Q2GSU0;1;1;1;1;1;1;1;1;1
A0A3Q2GSX2;1;1;1;1;1;1;1;1;1
A0A3Q2GSX8;1;1;1;1;1;1;1;1;1
A0A3Q2GT03;1;1;1;1;1;1;1;1;1
A0A3Q2GT09;1;1;1;1;1;1;1;1;1
A0A3Q2GT20;0;0;0;0;0;0;0;0;0
A0A3Q2GT22;1;1;1;1;1;1;1;1;1
A0A3Q2GT23;1;1;1;1;1;1;1;1;1
A0A3Q2GT24;1;1;1;1;1;1;1;1;1
A0A3Q2GT53;1;1;1;1;1;1;1;1;1
A0A3Q2GT70;1;1;1;1;1;1;1;1;1
A0A3Q2GT75;1;1;1;1;1;1;1;0;0
A0A3Q2GTA9;1;1;1;1;1;1;1;1;1
A0A3Q2GTG5;1;1;1;1;1;1;1;1;1
A0A3Q2GTH6;1;1;1;1;1;1;1;0;1
A0A3Q2GTM7;1;1;1;1;1;1;1;1;1
A0A3Q2GTR9;1;1;1;1;1;1;1;1;1
A0A3Q2GTT9;1;1;1;1;1;1;0;1;0
A0A3Q2GTU4;1;1;1;1;1;1;1;1;1
A0A3Q2GTV3;1;1;1;1;1;0;1;1;0
A0A3Q2GTX2;1;1;1;1;0;0;0;1;0
A0A3Q2GU85;0;1;1;1;1;1;1;1;0
A0A3Q2GUP3;1;1;1;1;1;1;1;1;0
A0A3Q2GUS8;1;1;1;1;1;1;1;1;1
A0A3Q2GUY5;1;1;1;1;1;1;1;1;1
A0A3Q2GV00;1;1;1;1;1;1;1;1;0
A0A3Q2GV13;1;1;1;1;1;1;1;1;1
A0A3Q2GV25;1;1;1;1;1;1;1;1;1
A0A3Q2GV52;0;1;0;0;0;0;0;0;0
A0A3Q2GV76;1;1;1;1;1;1;1;1;1
A0A3Q2GV85;1;1;1;1;1;1;0;1;0
A0A3Q2GV97;1;1;1;1;1;1;1;1;1
A0A3Q2GVC4;1;1;1;1;1;1;1;1;1
A0A3Q2GVG0;1;1;1;1;1;1;1;1;1
A0A3Q2GW03;1;1;1;1;1;1;1;1;1
A0A3Q2GW29;1;1;1;1;1;1;1;1;1
A0A3Q2GW41;1;1;1;1;0;0;0;0;0
A0A3Q2GW49;1;1;1;0;0;0;0;0;0
A0A3Q2GW51;1;1;1;1;1;1;1;1;1
A0A3Q2GW58;1;1;1;1;0;1;1;1;0
A0A3Q2GW75;1;1;1;1;1;1;1;1;1
A0A3Q2GWB2;1;1;1;1;0;0;1;0;0
A0A3Q2GWC1;1;1;1;1;1;1;1;1;1
A0A3Q2GWC9;1;1;1;1;1;1;1;1;1
A0A3Q2GWH5;0;1;0;1;0;0;0;0;0
A0A3Q2GWI8;1;1;1;1;1;1;1;1;1
A0A3Q2GWL7;0;0;0;0;0;0;0;0;0
A0A3Q2GWN6;1;1;0;0;0;0;0;0;0
A0A3Q2GWN9;1;1;1;1;1;1;1;1;1
A0A3Q2GWV9;1;1;1;1;1;1;1;1;0
A0A3Q2GWY0;1;1;1;1;1;1;1;1;1
A0A3Q2GX41;1;1;1;1;0;1;0;0;0
A0A3Q2GX47;1;1;1;1;1;1;1;0;1
A0A3Q2GX68;1;1;1;1;1;1;1;1;1
A0A3Q2GX72;1;1;1;1;0;1;0;1;0
A0A3Q2GX84;1;1;0;0;1;0;1;1;1
A0A3Q2GX86;0;1;1;0;0;0;1;1;1
A0A3Q2GX88;1;1;1;1;1;1;1;1;1
A0A3Q2GX96;1;1;1;1;1;1;1;1;1
A0A3Q2GXB1;1;1;1;1;1;1;1;1;1
A0A3Q2GXC3;1;1;1;1;1;1;1;1;1
A0A3Q2GXD3;1;1;1;1;1;1;1;1;0
A0A3Q2GXI2;1;1;1;1;1;1;1;1;1
A0A3Q2GXN3;1;1;1;1;1;1;0;1;1
A0A3Q2GXN7;1;1;1;1;1;1;1;0;0
A0A3Q2GXP0;1;1;1;1;1;1;1;1;1
A0A3Q2GXP8;1;1;1;1;1;1;1;1;1
A0A3Q2GXQ7;1;1;1;1;1;1;1;1;1
A0A3Q2GXR2;1;1;1;1;1;1;1;1;1
A0A3Q2GXS6;1;1;1;1;1;1;1;1;1
A0A3Q2GXS8;1;1;1;1;1;1;1;1;1
A0A3Q2GXX5;1;1;1;1;1;1;1;1;1
A0A3Q2GXY2;1;1;1;1;1;1;1;1;1
A0A3Q2GXZ7;1;1;0;0;0;0;0;0;0
A0A3Q2GY25;1;1;1;1;1;1;1;1;1
A0A3Q2GY43;1;1;1;1;1;1;1;1;0
A0A3Q2GY60;1;1;1;1;1;1;0;1;0
A0A3Q2GY82;1;1;1;1;1;1;0;1;0
A0A3Q2GY85;1;1;1;1;0;1;1;1;1
A0A3Q2GYB0;1;1;1;1;0;1;0;0;1
A0A3Q2GYH9;1;1;1;1;1;0;1;0;0
A0A3Q2GYK6;1;1;1;1;1;1;1;1;1
A0A3Q2GYL3;1;1;0;1;0;0;0;0;0
A0A3Q2GYN0;1;1;1;1;1;1;1;1;1
A0A3Q2GYQ4;1;1;1;1;1;1;1;1;1
A0A3Q2GYV1;1;1;1;1;1;1;1;1;1
A0A3Q2GYW8;1;1;1;1;1;1;0;0;1
A0A3Q2GYZ3;1;1;1;1;1;1;1;1;1
A0A3Q2GZ39;1;1;1;1;1;1;1;1;1
A0A3Q2GZ58;1;1;1;1;1;1;1;1;1
A0A3Q2GZB6;1;1;0;1;1;1;1;1;1
A0A3Q2GZF3;1;1;1;1;1;1;1;1;1
A0A3Q2GZK6;1;1;1;1;1;1;1;1;1
A0A3Q2GZL9;1;1;1;1;1;1;1;1;1
A0A3Q2GZP6;1;1;1;1;1;1;0;0;0
A0A3Q2GZP8;1;1;1;1;1;1;1;1;0
A0A3Q2GZS0;1;1;1;1;1;1;1;1;1
A0A3Q2GZV4;1;1;1;1;1;1;1;1;1
A0A3Q2H018;1;1;1;1;1;1;1;1;1
A0A3Q2H024;1;1;1;1;1;1;1;1;1
A0A3Q2H050;1;1;1;1;0;1;1;1;0
A0A3Q2H097;1;1;1;1;1;1;1;1;1
A0A3Q2H0E3;1;1;1;1;0;0;0;0;0
A0A3Q2H0H1;1;1;0;1;1;1;0;0;0
A0A3Q2H0H3;1;1;1;1;1;1;0;0;0
A0A3Q2H0H9;0;1;1;0;1;1;0;0;0
A0A3Q2H0L0;1;1;1;1;1;1;0;0;0
A0A3Q2H0N0;1;1;1;1;1;1;1;1;1
A0A3Q2H0Y1;1;1;1;1;1;1;1;1;1
A0A3Q2H0Y6;1;1;1;1;1;1;1;1;1
A0A3Q2H146;1;1;1;1;1;1;1;1;1
A0A3Q2H151;1;1;1;1;1;1;1;1;1
A0A3Q2H195;1;1;1;1;1;1;1;1;1
A0A3Q2H1A2;1;1;1;1;1;1;1;1;1
A0A3Q2H1F2;1;1;1;1;1;1;1;1;1
A0A3Q2H1L9;1;1;1;1;1;1;1;1;1
A0A3Q2H1M8;1;1;1;1;0;0;0;0;0
A0A3Q2H1S2;1;1;1;1;1;1;1;1;1
A0A3Q2H1S6;1;1;1;1;1;1;1;1;0
A0A3Q2H1S8;1;1;1;1;1;1;1;1;1
A0A3Q2H1V4;1;1;1;1;1;1;1;1;1
A0A3Q2H1X0;0;1;1;0;0;1;0;1;0
A0A3Q2H1Y2;1;1;1;1;1;1;1;1;1
A0A3Q2H209;1;1;1;1;1;1;1;1;1
A0A3Q2H233;1;1;1;1;1;1;1;1;1
A0A3Q2H237;1;1;1;1;1;1;1;1;1
A0A3Q2H242;1;1;1;1;1;1;1;1;1
A0A3Q2H253;1;1;1;1;1;1;0;0;1
A0A3Q2H2F6;0;1;1;1;0;1;0;0;0
A0A3Q2H2I1;1;1;1;1;0;0;0;0;0
A0A3Q2H2J8;1;1;0;1;1;1;1;1;1
A0A3Q2H2K6;1;1;1;1;1;1;1;1;1
A0A3Q2H2L8;1;1;1;1;0;0;1;1;1
A0A3Q2H2Q6;1;1;1;1;1;1;0;0;0
A0A3Q2H2V1;1;1;1;1;0;1;1;0;0
A0A3Q2H2Z5;1;1;1;1;1;1;1;1;1
A0A3Q2H333;1;1;1;1;1;1;1;1;1
A0A3Q2H343;1;1;1;1;1;1;0;1;1
A0A3Q2H348;0;0;0;0;0;0;0;0;1
A0A3Q2H351;1;1;1;1;1;1;1;1;1
A0A3Q2H363;1;1;1;1;1;1;1;1;1
A0A3Q2H3F6;1;1;1;1;1;1;1;1;1
A0A3Q2H3J6;1;1;1;1;0;1;1;1;1
A0A3Q2H3L6;1;1;1;1;1;1;1;0;0
A0A3Q2H3M7;1;1;1;1;1;1;1;1;1
A0A3Q2H3R5;1;1;1;1;1;1;1;1;1
A0A3Q2H3R7;1;1;1;1;1;1;1;1;1
A0A3Q2H3T6;1;1;1;1;1;1;1;1;1
A0A3Q2H3U1;1;1;1;1;1;1;1;1;1
A0A3Q2H3W2;1;1;1;1;1;1;1;1;1
A0A3Q2H3W6;1;1;1;1;1;1;1;1;1
A0A3Q2H3Y3;1;0;1;1;1;0;0;0;0
A0A3Q2H451;1;1;1;1;1;1;1;1;1
A0A3Q2H452;1;1;1;1;1;1;1;1;1
A0A3Q2H482;1;1;1;1;1;1;1;1;1
A0A3Q2H4A7;1;1;1;1;1;1;1;1;1
A0A3Q2H4B2;1;1;1;1;1;1;1;1;1
A0A3Q2H4F5;0;0;0;0;0;0;0;0;0
A0A3Q2H4G7;1;1;1;1;1;1;1;1;1
A0A3Q2H4J4;1;1;1;1;0;0;0;0;0
A0A3Q2H4M1;1;1;1;1;1;1;1;1;1
A0A3Q2H4N8;1;1;1;1;1;1;1;1;1
A0A3Q2H4T8;1;1;1;1;1;1;1;1;1
A0A3Q2H507;0;0;0;0;0;0;0;0;0
A0A3Q2H514;1;1;1;1;1;1;1;1;1
A0A3Q2H525;1;1;1;1;1;1;1;1;1
A0A3Q2H544;1;1;1;1;1;1;1;1;1
A0A3Q2H548;1;1;1;1;1;1;1;1;1
A0A3Q2H593;1;1;1;1;1;1;1;1;1
A0A3Q2H5A0;1;1;1;1;1;1;0;0;0
A0A3Q2H5A5;1;1;1;1;1;1;1;1;1
A0A3Q2H5B0;1;1;1;1;1;1;1;1;1
A0A3Q2H5D6;1;1;1;1;1;1;1;1;1
A0A3Q2H5D7;1;1;1;1;1;1;1;1;0
A0A3Q2H5H5;1;1;1;1;1;1;1;1;1
A0A3Q2H5I9;1;1;1;1;1;1;1;1;1
A0A3Q2H5K6;1;1;1;1;1;1;1;1;1
A0A3Q2H5V3;0;0;0;0;0;0;0;0;0
A0A3Q2H5Z6;1;1;1;1;1;1;1;1;1
A0A3Q2H626;1;1;1;1;1;1;1;1;1
A0A3Q2H6E4;1;1;1;1;1;1;1;1;1
A0A3Q2H6U2;0;0;0;0;0;0;0;0;0
A0A3Q2H6Z9;1;1;1;1;1;1;1;1;1
A0A3Q2H733;1;1;1;1;1;1;1;1;1
A0A3Q2H769;1;1;1;1;1;1;1;1;1
A0A3Q2H770;1;1;1;1;1;1;1;1;1
A0A3Q2H783;1;1;1;1;1;1;1;1;1
A0A3Q2H7A7;1;1;1;1;1;1;0;0;1
A0A3Q2H7F0;1;1;1;1;1;1;1;0;1
A0A3Q2H7I8;1;1;1;1;1;1;1;1;1
A0A3Q2H7K2;1;1;1;1;1;1;1;1;1
A0A3Q2H7K4;1;1;0;1;1;1;0;0;0
A0A3Q2H7L1;1;1;1;1;1;1;1;1;1
A0A3Q2H7N6;1;1;1;1;1;1;0;0;0
A0A3Q2H7P4;1;1;1;1;1;1;1;1;1
A0A3Q2H7V7;1;1;1;1;1;1;1;1;1
A0A3Q2H810;1;1;1;1;1;1;0;1;0
A0A3Q2H821;1;1;1;1;1;1;1;1;1
A0A3Q2H843;1;1;1;1;1;1;1;1;1
A0A3Q2H857;1;1;1;1;1;1;1;1;1
A0A3Q2H867;1;1;1;1;1;1;1;1;1
A0A3Q2H884;1;1;1;1;1;1;1;1;1
A0A3Q2H892;1;1;1;1;1;1;0;0;0
A0A3Q2H8C4;0;1;1;1;1;1;1;1;1
A0A3Q2H8S8;1;1;1;1;1;1;0;1;1
A0A3Q2H8V4;1;0;0;1;1;1;1;1;0
A0A3Q2H8Y5;1;1;1;1;1;1;1;1;1
A0A3Q2H8Y8;1;1;1;1;1;1;1;1;1
A0A3Q2H908;1;1;1;1;1;1;1;1;0
A0A3Q2H9C5;1;1;1;1;1;1;1;1;1
A0A3Q2H9C6;1;1;1;1;1;1;1;0;1
A0A3Q2H9K6;1;1;1;1;1;1;1;1;1
A0A3Q2H9L5;1;1;1;1;1;1;1;1;1
A0A3Q2H9Q0;1;1;1;1;1;1;1;1;0
A0A3Q2H9Q8;1;1;1;1;1;1;1;1;1
A0A3Q2H9R1;1;1;1;1;1;1;0;0;1
A0A3Q2H9T8;1;1;1;1;1;1;1;1;0
A0A3Q2HA82;1;1;1;1;1;1;1;1;1
A0A3Q2HAG4;1;1;1;1;1;1;1;1;1
A0A3Q2HAV4;1;1;1;1;1;1;1;1;1
A0A3Q2HB09;0;1;1;1;1;1;0;0;0
A0A3Q2HB15;1;1;1;1;1;1;1;1;1
A0A3Q2HB75;1;1;1;1;0;0;0;0;0
A0A3Q2HBC0;1;1;1;1;1;1;1;1;1
A0A3Q2HBC4;1;1;1;1;1;0;1;1;1
A0A3Q2HBF9;1;1;1;1;1;1;1;1;0
A0A3Q2HBH2;1;1;1;1;1;1;1;1;1
A0A3Q2HBP1;1;1;1;1;1;1;1;1;1
A0A3Q2HBS4;1;1;1;1;1;1;1;1;1
A0A3Q2HC31;1;1;1;1;1;1;1;1;1
A0A3Q2HC57;1;1;1;1;1;1;1;1;1
A0A3Q2HC96;1;1;0;1;0;0;0;0;0
A0A3Q2HCA2;1;1;1;1;1;1;1;1;1
A0A3Q2HCA6;1;1;1;1;1;1;1;1;1
A0A3Q2HCC3;1;1;1;1;1;1;1;1;1
A0A3Q2HCD2;1;1;1;1;1;1;1;1;1
A0A3Q2HCH3;1;1;1;1;1;1;1;1;0
A0A3Q2HCI1;1;1;1;1;1;1;1;0;1
A0A3Q2HCJ9;1;1;1;1;1;1;0;1;1
A0A3Q2HCK7;1;1;1;1;1;1;1;0;0
A0A3Q2HD15;1;1;1;1;1;1;1;1;0
A0A3Q2HD35;1;1;1;1;1;1;1;1;1
A0A3Q2HD48;1;1;1;1;1;1;1;1;1
A0A3Q2HD71;1;0;1;1;1;1;0;0;0
A0A3Q2HDB9;1;1;1;1;1;1;0;0;0
A0A3Q2HDF1;1;1;1;1;0;1;1;0;0
A0A3Q2HDK9;0;1;0;0;0;0;1;1;1
A0A3Q2HDP8;1;1;1;1;1;1;1;1;0
A0A3Q2HE09;0;1;0;0;1;0;0;0;0
A0A3Q2HE38;1;1;1;1;1;1;0;0;0
A0A3Q2HEA5;1;1;1;1;1;1;0;1;0
A0A3Q2HED0;1;1;1;1;1;1;1;1;1
A0A3Q2HEG2;1;1;1;1;1;1;1;1;1
A0A3Q2HEJ0;1;0;1;0;0;1;0;0;0
A0A3Q2HEQ4;1;1;1;1;1;1;1;0;1
A0A3Q2HEZ1;1;1;1;1;1;1;1;1;0
A0A3Q2HFD7;1;1;1;1;1;0;0;0;0
A0A3Q2HFE7;1;1;1;1;1;1;1;1;1
A0A3Q2HFG8;1;1;1;1;1;1;1;1;1
A0A3Q2HFL4;0;0;0;0;0;0;0;0;0
A0A3Q2HFT4;1;1;1;1;1;1;1;1;1
A0A3Q2HFV0;1;1;1;1;1;1;1;1;1
A0A3Q2HFX7;1;1;1;1;1;1;1;1;0
A0A3Q2HG20;1;1;1;1;1;1;1;1;0
A0A3Q2HGA9;0;0;0;1;1;0;1;1;1
A0A3Q2HGB8;1;1;1;1;1;1;1;1;1
A0A3Q2HGL1;1;0;0;0;0;0;0;0;0
A0A3Q2HGM8;1;1;1;1;1;1;1;1;1
A0A3Q2HGR1;0;0;0;0;1;0;1;1;1
A0A3Q2HGS6;1;1;1;1;1;0;0;0;0
A0A3Q2HGV6;1;1;1;1;1;1;1;1;1
A0A3Q2HGW0;1;1;1;1;1;1;1;1;1
A0A3Q2HGX2;1;1;1;1;1;1;1;1;0
A0A3Q2HH68;1;1;1;1;1;1;1;1;1
A0A3Q2HH77;1;1;1;1;1;0;1;1;1
A0A3Q2HHA9;1;1;1;1;1;1;1;1;1
A0A3Q2HHB0;1;1;1;1;1;1;1;1;1
A0A3Q2HHG3;1;1;1;1;1;1;1;1;1
A0A3Q2HHG9;1;1;1;1;1;1;1;1;1
A0A3Q2HHJ1;1;1;1;1;1;0;1;1;0
A0A3Q2HHM8;1;1;1;1;1;1;1;1;1
A0A3Q2HHZ0;1;1;1;1;1;1;1;1;1
A0A3Q2HHZ2;1;1;1;1;1;1;1;1;1
A0A3Q2HI02;1;1;1;1;1;1;1;1;1
A0A3Q2HI11;1;1;0;1;0;0;0;0;0
A0A3Q2HI21;1;1;1;1;1;1;1;1;1
A0A3Q2HI48;1;1;1;1;0;0;0;1;1
A0A3Q2HI57;1;1;1;1;1;1;1;1;1
A0A3Q2HIC5;1;1;1;1;1;1;1;0;1
A0A3Q2HID2;1;1;1;1;1;1;1;1;1
A0A3Q2HIE9;1;1;1;1;1;1;1;1;1
A0A3Q2HIF9;0;0;0;0;0;0;1;0;1
A0A3Q2HIK6;1;1;1;1;1;1;1;1;1
A0A3Q2HIL7;1;1;1;1;1;1;1;1;1
A0A3Q2HIQ3;1;1;1;1;1;1;0;0;1
A0A3Q2HIU2;1;1;1;1;1;0;1;0;0
A0A3Q2HIW9;1;1;1;1;0;1;0;0;0
A0A3Q2HIY4;1;1;1;1;1;1;1;0;0
A0A3Q2HIZ6;1;1;1;1;1;1;1;1;1
A0A3Q2HJD2;1;1;1;1;1;1;0;1;0
A0A3Q2HJE7;1;1;1;1;1;1;1;1;1
A0A3Q2HJF2;1;1;1;1;1;1;1;1;1
A0A3Q2HJG0;1;1;1;1;1;1;0;0;0
A0A3Q2HJT9;1;1;1;1;1;1;1;1;1
A0A3Q2HJZ9;1;1;1;1;1;1;1;1;1
A0A3Q2HK02;1;1;1;1;0;0;1;0;1
A0A3Q2HK14;1;1;1;1;1;1;1;1;1
A0A3Q2HK96;1;1;1;1;1;1;1;1;0
A0A3Q2HKM4;1;1;1;1;1;1;1;1;1
A0A3Q2HKM5;1;1;1;1;1;1;1;1;1
A0A3Q2HL03;1;1;1;1;1;1;1;1;1
A0A3Q2HL26;1;1;1;1;1;1;0;1;1
A0A3Q2HL41;1;1;1;1;1;1;1;1;1
A0A3Q2HL45;1;1;1;1;1;1;0;1;1
A0A3Q2HL53;1;1;1;1;1;1;0;0;0
A0A3Q2HL64;1;1;1;1;1;1;1;1;1
A0A3Q2HLI5;0;0;0;0;0;0;1;1;1
A0A3Q2HLJ4;1;1;1;1;1;1;1;1;1
A0A3Q2HLV9;1;1;1;1;1;1;1;1;1
A0A3Q2HLX7;1;1;1;1;1;1;1;1;1
A0A3Q2HLY5;1;1;1;1;1;1;1;1;1
A0A3Q2HM18;1;1;1;1;1;1;1;1;1
A0A3Q2HMA3;1;1;1;1;0;1;0;0;0
A0A3Q2HMC6;1;1;1;1;1;1;0;1;1
A0A3Q2HMF1;1;1;1;1;1;1;1;1;1
A0A3Q2HMJ0;1;1;1;1;1;1;1;1;1
A0A3Q2HMJ3;1;1;1;1;1;1;1;1;1
A0A3Q2HMM5;1;1;1;1;0;1;0;1;0
A0A3Q2HMR3;1;1;1;1;1;1;1;1;1
A0A3Q2HMR5;1;1;1;1;1;1;1;1;1
A0A3Q2HN21;1;1;0;0;0;0;1;1;1
A0A3Q2HN97;1;1;1;1;1;1;1;0;0
A0A3Q2HNB9;1;1;1;1;1;1;1;1;1
A0A3Q2HND7;1;1;1;1;1;1;1;1;1
A0A3Q2HNE1;1;1;1;1;1;1;1;1;1
A0A3Q2HNH0;1;1;1;1;1;1;1;1;1
A0A3Q2HNH8;1;1;1;0;1;0;1;0;1
A0A3Q2HNI5;1;1;1;1;1;1;0;1;0
A0A3Q2HNK3;1;1;1;1;1;1;0;0;0
A0A3Q2HP00;1;1;1;1;1;1;1;1;1
A0A3Q2HP43;1;1;1;1;1;1;1;1;1
A0A3Q2HP50;1;1;1;1;1;1;1;1;1
A0A3Q2HP89;1;1;1;1;1;1;1;1;1
A0A3Q2HPC0;1;1;1;1;1;1;1;1;1
A0A3Q2HPI8;1;1;1;1;1;1;1;1;1
A0A3Q2HPV9;1;1;1;1;1;1;1;1;1
A0A3Q2HPW2;1;1;1;1;1;1;1;1;1
A0A3Q2HPX3;1;1;1;1;1;1;1;1;1
A0A3Q2HPZ0;1;1;1;1;1;1;1;1;0
A0A3Q2HQ88;1;1;1;1;1;1;0;1;0
A0A3Q2HQI2;1;1;1;1;1;1;0;0;0
A0A3Q2HQJ4;0;1;0;1;0;0;0;0;0
A0A3Q2HQZ9;1;1;1;1;1;1;1;1;1
A0A3Q2HR60;1;1;1;1;1;1;1;1;1
A0A3Q2HR96;1;1;1;1;1;1;1;1;1
A0A3Q2HR97;1;1;1;1;1;0;1;1;1
A0A3Q2HRF8;1;1;1;1;1;1;1;1;1
A0A3Q2HRL1;1;1;1;1;1;1;1;1;1
A0A3Q2HRL2;1;1;1;1;1;1;1;1;1
A0A3Q2HRN8;0;1;0;1;1;0;0;0;0
A0A3Q2HRQ1;0;0;1;0;0;0;0;0;0
A0A3Q2HRQ8;1;1;1;1;0;1;1;0;0
A0A3Q2HRU5;1;1;1;1;1;1;1;1;1
A0A3Q2HRV7;1;1;1;1;1;1;1;1;1
A0A3Q2HRX4;1;1;1;1;1;1;1;1;1
A0A3Q2HS25;1;1;1;1;1;1;1;1;1
A0A3Q2HS41;1;1;1;1;1;1;1;1;1
A0A3Q2HSJ1;1;1;1;1;1;1;0;0;1
A0A3Q2HSL2;1;1;1;1;1;1;1;1;1
A0A3Q2HSS0;1;1;1;0;0;0;0;1;1
A0A3Q2HSV4;1;1;1;1;0;1;1;1;1
A0A3Q2HSZ7;1;1;1;1;1;1;1;1;1
A0A3Q2HT03;1;1;1;1;1;1;1;1;1
A0A3Q2HT17;1;1;1;1;1;1;1;1;1
A0A3Q2HT83;1;1;1;1;1;0;0;0;0
A0A3Q2HTB3;1;1;1;1;1;1;1;1;1
A0A3Q2HTE7;1;1;1;1;0;0;1;1;1
A0A3Q2HTG2;1;1;1;1;1;1;1;1;1
A0A3Q2HTG4;1;1;0;1;0;1;0;1;1
A0A3Q2HTN1;1;1;1;1;1;1;1;1;1
A0A3Q2HTN4;1;1;1;1;1;1;1;1;1
A0A3Q2HTZ1;1;1;1;1;1;1;1;1;1
A0A3Q2HU27;1;1;1;1;1;1;1;0;0
A0A3Q2HU67;1;1;1;1;1;1;1;1;1
A0A3Q2HU92;1;1;1;1;1;1;1;1;1
A0A3Q2HUA3;1;1;1;1;1;1;1;1;1
A0A3Q2HUA6;1;1;1;1;1;1;1;1;1
A0A3Q2HUK6;1;1;1;1;1;1;1;1;1
A0A3Q2HUY8;1;1;1;1;1;1;1;1;1
A0A3Q2HV44;1;1;1;1;1;1;0;1;0
A0A3Q2HV51;1;1;1;1;1;1;1;1;1
A0A3Q2HV53;1;1;1;1;1;1;1;1;1
A0A3Q2HV80;1;1;1;1;1;1;0;1;1
A0A3Q2HVI8;1;1;1;1;1;1;1;1;1
A0A3Q2HVJ7;1;1;1;1;1;1;1;1;1
A0A3Q2HVL2;1;1;1;1;1;1;1;1;1
A0A3Q2HW84;1;1;0;0;1;0;0;0;0
A0A3Q2HWB1;1;1;1;1;1;1;1;1;0
A0A3Q2HWB7;1;1;1;1;1;1;1;1;1
A0A3Q2HWD8;1;1;1;1;1;1;1;1;0
A0A3Q2HWE7;1;1;1;1;1;1;1;1;1
A0A3Q2HWH1;1;1;1;1;1;1;1;1;1
A0A3Q2HWL8;1;1;0;1;1;1;1;1;1
A0A3Q2HWM1;0;0;0;0;0;1;0;0;0
A0A3Q2HWP9;1;1;1;1;1;1;1;1;1
A0A3Q2HWQ6;1;1;1;1;1;1;1;1;1
A0A3Q2HWW0;1;1;1;1;1;1;1;1;1
A0A3Q2HX27;1;1;1;1;1;1;1;0;0
A0A3Q2HX46;1;1;1;1;1;1;1;1;1
A0A3Q2HX48;1;1;1;1;1;1;1;1;1
A0A3Q2HX96;1;1;1;1;1;1;0;0;0
A0A3Q2HXB2;1;1;1;1;1;1;1;1;1
A0A3Q2HXD5;1;1;1;1;1;1;1;1;1
A0A3Q2HY77;1;1;1;1;1;1;1;1;1
A0A3Q2HYD7;1;1;1;1;1;1;1;1;1
A0A3Q2HYF4;1;1;1;1;1;1;1;0;1
A0A3Q2HYH6;1;1;1;1;1;1;1;1;1
A0A3Q2HYP0;0;0;1;0;1;0;0;0;0
A0A3Q2HYP3;1;1;1;1;1;0;1;1;1
A0A3Q2HYQ0;1;1;1;1;1;1;1;1;1
A0A3Q2HYV5;1;1;1;1;1;1;1;0;0
A0A3Q2HZB8;1;1;1;1;1;1;0;0;0
A0A3Q2HZD2;1;1;1;1;1;1;1;1;1
A0A3Q2HZM2;1;1;1;1;1;0;0;0;0
A0A3Q2HZR9;1;1;1;1;1;1;1;1;1
A0A3Q2HZU7;1;1;1;1;1;1;1;1;1
A0A3Q2HZV8;1;1;1;1;1;1;1;1;1
A0A3Q2HZW1;1;1;1;1;1;1;1;1;1
A0A3Q2I003;1;1;1;1;0;1;1;0;0
A0A3Q2I0E0;0;1;1;1;1;1;0;1;0
A0A3Q2I0Q6;1;1;1;1;0;0;1;1;1
A0A3Q2I0R9;1;1;1;1;1;1;1;1;1
A0A3Q2I0V0;0;0;1;1;0;0;1;0;0
A0A3Q2I0V7;1;1;1;1;1;1;0;1;0
A0A3Q2I0X0;1;1;1;1;1;1;1;0;0
A0A3Q2I129;1;1;1;1;1;1;1;1;1
A0A3Q2I158;1;1;1;1;1;1;1;0;0
A0A3Q2I175;1;1;1;1;1;1;1;1;1
A0A3Q2I177;0;1;1;1;1;1;0;0;0
A0A3Q2I185;1;1;1;1;1;1;1;1;1
A0A3Q2I196;1;1;1;1;1;1;1;1;1
A0A3Q2I1G9;1;1;1;1;1;1;1;0;0
A0A3Q2I1N3;1;1;1;1;1;1;1;1;0
A0A3Q2I1N9;1;1;0;0;0;0;0;0;0
A0A3Q2I1P3;1;0;0;1;0;0;0;0;0
A0A3Q2I1W3;1;1;1;1;1;1;1;1;1
A0A3Q2I2M2;1;1;1;1;1;1;1;1;1
A0A3Q2I2N3;1;1;1;1;1;1;1;1;1
A0A3Q2I2S2;1;1;1;1;1;1;1;1;1
A0A3Q2I2V3;1;1;1;1;1;1;1;1;1
A0A3Q2I334;1;1;1;1;1;1;1;1;1
A0A3Q2I364;1;1;1;1;1;1;1;1;1
A0A3Q2I375;1;1;1;1;1;1;1;1;1
A0A3Q2I377;1;1;1;1;1;1;1;1;1
A0A3Q2I386;1;1;1;1;1;1;1;1;1
A0A3Q2I388;1;1;1;1;1;1;1;1;1
A0A3Q2I392;1;1;1;1;1;1;0;1;0
A0A3Q2I397;1;1;1;1;1;1;1;1;1
A0A3Q2I3M2;1;1;1;1;1;1;1;1;1
A0A3Q2I3N3;1;1;1;1;1;1;1;1;1
A0A3Q2I3T2;1;1;1;1;1;1;1;1;1
A0A3Q2I3T9;1;1;1;1;1;1;1;1;1
A0A3Q2I424;1;1;1;1;1;1;1;1;1
A0A3Q2I484;1;1;0;1;0;0;0;0;0
A0A3Q2I489;1;1;1;1;1;1;1;1;1
A0A3Q2I4F4;1;1;1;1;1;1;1;1;1
A0A3Q2I4L0;1;1;1;1;1;1;1;1;1
A0A3Q2I4N2;1;1;1;1;1;1;1;1;1
A0A3Q2I4V9;1;1;1;1;1;1;1;1;0
A0A3Q2I4Z2;1;1;1;1;1;1;1;1;1
A0A3Q2I544;1;1;1;1;1;1;1;1;1
A0A3Q2I545;1;1;1;1;1;0;1;1;1
A0A3Q2I568;1;1;1;1;1;1;1;1;1
A0A3Q2I591;1;1;1;1;1;1;1;1;1
A0A3Q2I5B1;1;1;1;1;1;1;1;1;1
A0A3Q2I5C4;1;1;1;1;1;1;1;1;1
A0A3Q2I5N3;1;1;1;1;1;1;0;1;0
A0A3Q2I5N9;1;1;1;1;1;1;1;1;1
A0A3Q2I5Q7;1;1;1;1;1;1;1;1;0
A0A3Q2I5T2;1;1;1;1;1;1;1;1;1
A0A3Q2I635;1;1;1;1;0;1;0;0;0
A0A3Q2I637;1;1;1;1;1;1;1;1;1
A0A3Q2I6B9;1;1;1;1;1;1;1;0;0
A0A3Q2I6E8;1;1;1;1;1;1;1;1;1
A0A3Q2I6P6;1;1;1;1;1;1;1;0;1
A0A3Q2I6Z2;1;1;1;1;0;1;1;1;0
A0A3Q2I711;1;1;1;1;1;1;0;1;1
A0A3Q2I7A4;1;1;1;1;1;1;1;1;1
A0A3Q2I7C1;1;1;1;1;1;1;1;1;0
A0A3Q2I7E3;1;1;1;1;1;1;1;1;1
A0A3Q2I839;1;1;1;1;1;1;1;1;1
A0A3Q2I888;1;1;1;1;1;1;1;1;1
A0A3Q2I8D8;1;1;1;1;1;1;1;1;1
A0A3Q2I8H2;1;1;1;1;1;1;1;1;1
A0A3Q2I8K9;0;1;0;0;1;0;1;1;1
A0A3Q2I8P4;1;1;1;1;1;1;1;1;1
A0A3Q2I8Q1;1;1;1;1;1;1;1;1;1
A0A3Q2I8V6;1;1;1;1;1;0;0;0;0
A0A3Q2I997;1;1;1;1;1;1;1;1;1
A0A3Q2I9A2;1;1;1;1;1;1;1;1;1
A0A3Q2I9B9;1;1;1;1;1;1;1;1;1
A0A3Q2I9F2;1;1;1;1;1;1;0;1;1
A0A3Q2I9R9;1;1;1;1;1;1;1;1;1
A0A3Q2I9X3;0;0;0;0;0;0;0;0;0
A0A3Q2I9Y5;0;0;0;1;1;1;0;0;0
A0A3Q2IA43;1;1;1;1;1;1;1;1;1
A0A3Q2IA51;1;1;1;1;1;1;1;1;1
A0A3Q2IA99;1;1;1;1;1;1;1;1;1
A0A3Q2IAD9;1;1;1;1;1;1;0;1;0
A0A3Q2IAJ9;1;1;1;1;1;1;1;1;1
A0A3Q2IAR3;1;1;1;1;1;1;1;1;1
A0A3Q2IAX1;1;1;1;1;1;1;1;1;1
A0A3Q2IAX4;1;1;0;1;1;1;1;1;1
A0A3Q2IAY9;1;1;1;1;1;1;1;1;1
A0A3Q2IB08;1;1;1;1;1;1;1;1;1
A0A3Q2IB36;1;1;1;1;1;1;1;1;1
A0A3Q2IB81;1;1;1;1;1;0;0;0;0
A0A3Q2IBB5;1;1;1;1;1;1;1;1;1
A0A3Q2IBF3;1;1;1;1;1;1;1;1;1
A0A3Q2IBH4;1;1;1;1;1;1;1;1;1
A0A3Q2IBJ8;1;1;1;1;1;1;1;1;1
A0A3Q2IBR6;1;1;1;1;1;1;1;1;1
A0A3Q2IBS2;1;1;1;1;1;1;0;0;0
A0A3Q2IBX2;1;1;1;1;1;1;1;1;1
A0A3Q2IBZ8;1;1;1;1;1;1;1;1;1
A0A3Q2IC53;1;1;1;1;1;1;0;1;1
A0A3Q2IC55;1;1;1;1;1;1;1;1;1
A0A3Q2ICA0;1;1;1;1;1;1;1;1;1
A0A3Q2ICE8;1;1;1;1;1;1;1;1;1
A0A3Q2ICH2;1;1;1;1;1;1;0;0;0
A0A3Q2ICQ1;1;1;1;1;1;0;0;0;0
A0A3Q2ICQ9;1;1;1;1;1;1;0;0;0
A0A3Q2ICY3;1;1;0;1;0;0;0;1;0
A0A3Q2ID58;1;1;1;1;1;1;1;1;1
A0A3Q2ID60;1;1;1;1;0;1;1;0;0
A0A3Q2IDD2;1;1;1;1;1;1;1;1;1
A0A3Q2IDE0;1;1;1;1;0;1;1;1;0
A0A3Q2IDL5;1;1;1;1;1;1;1;1;1
A0A3Q2IDM7;1;1;1;1;1;1;1;1;1
A0A3Q2IDT4;1;1;1;1;1;1;1;1;1
A0A3Q2IE84;1;1;1;1;1;1;1;1;1
A0A3Q2IEH6;1;1;1;1;1;1;1;1;1
A0A3Q2IEU7;1;1;1;1;1;1;1;1;1
A0A3Q2IF57;1;1;1;1;0;0;0;0;0
A0A3Q2IFM4;1;1;1;1;1;1;1;1;1
A0A3Q2IFZ6;1;1;1;1;1;1;1;1;1
A0A3Q2IGG6;1;1;1;1;1;1;1;1;1
A0A3Q2IH24;1;1;1;1;0;1;1;0;1
A0A3Q2IH68;1;1;1;1;1;1;0;0;0
A0A3Q2IH91;1;1;1;1;1;1;1;1;1
A0A3Q2IJD2;1;1;1;1;1;1;1;0;1
A0A3Q2IJW7;1;1;1;1;1;1;1;1;0
A0A3Q2IKM8;1;1;1;1;1;1;1;1;1
A0A3Q2IL45;0;0;1;0;0;0;0;0;0
A0A3Q2KIT2;0;1;1;1;0;0;1;1;1
A0A3Q2KIZ6;1;1;1;1;1;1;1;1;0
A0A3Q2KJ50;1;1;1;1;1;1;1;1;1
A0A3Q2KK98;1;1;1;1;1;1;1;1;0
A0A3Q2KKY4;1;1;1;1;1;1;1;1;1
A0A3Q2KM06;1;1;1;1;1;1;1;1;1
A0A3Q2KMB7;1;1;0;0;1;1;0;0;1
A0A3Q2KN19;1;1;1;1;1;1;1;1;1
A0A3Q2KNI6;1;1;1;1;1;1;0;0;0
A0A3Q2KQG9;1;1;0;1;0;0;0;1;0
A0A3Q2KQZ5;1;1;1;1;0;0;0;0;0
A0A3Q2KR07;1;1;1;1;1;1;1;1;1
A0A3Q2KS36;1;1;1;1;1;1;1;1;1
A0A3Q2KSQ5;1;1;1;1;1;1;1;1;1
A0A3Q2KSV8;1;1;1;1;1;1;1;1;1
A0A3Q2KTE7;1;1;1;1;1;1;1;1;1
A0A3Q2KTH0;1;1;1;1;1;1;1;0;0
A0A3Q2KTL8;1;1;1;1;1;1;1;1;0
A0A3Q2KTQ9;1;1;1;1;1;1;1;1;1
A0A3Q2KTU0;1;1;1;1;1;1;1;1;1
A0A3Q2KUF5;1;1;1;1;1;1;1;0;1
A0A3Q2KV79;1;1;1;1;1;1;1;1;1
A0A3Q2KWC3;1;1;1;1;1;1;1;1;0
A0A3Q2KXN9;0;0;0;1;0;0;0;0;0
A0A3Q2KXP3;1;1;1;1;1;1;1;1;1
A0A3Q2KXT4;1;1;1;1;1;1;1;1;1
A0A3Q2KXW2;1;1;1;0;1;1;0;0;1
A0A3Q2KYI9;1;1;1;1;1;1;0;0;0
A0A3Q2KYM7;1;1;1;1;1;1;1;1;1
A0A3Q2KZA5;1;1;1;1;1;1;1;1;1
A0A3Q2L0S7;1;1;1;1;1;1;0;0;0
A0A3Q2L1K0;1;1;1;1;1;1;1;0;0
A0A3Q2L1U2;1;1;1;1;1;1;0;0;0
A0A3Q2L241;1;0;1;1;1;1;0;0;0
A0A3Q2L2W1;1;1;1;1;1;1;1;1;1
A0A3Q2L2Z1;1;1;0;1;1;1;1;1;0
A0A3Q2L321;1;1;1;1;1;1;0;0;0
A0A3Q2L3I3;1;1;1;1;1;1;1;1;1
A0A3Q2L425;1;1;1;1;1;1;1;1;0
A0A3Q2L4G6;1;1;1;1;1;1;1;1;1
A0A3Q2L4I6;1;1;1;1;1;1;0;0;1
A0A3Q2L4S5;1;1;1;1;1;1;1;1;1
A0A3Q2L541;1;1;1;1;1;1;1;1;1
A0A3Q2L5D3;1;1;1;1;1;1;1;1;1
A0A3Q2L6P4;1;1;0;0;0;0;0;0;0
A0A3Q2L7S7;1;1;1;1;1;1;0;0;0
A0A3Q2L7X0;1;1;1;1;1;1;1;1;1
A0A3Q2L9G2;1;0;1;1;1;1;1;0;0
A0A3Q2L9H8;1;1;1;1;0;1;0;0;0
A0A3Q2LA32;1;1;1;1;1;1;0;1;1
A0A3Q2LA46;1;1;1;1;1;0;1;1;1
A0A3Q2LBP6;1;1;1;1;1;1;1;1;1
A0A3Q2LC76;1;1;1;1;1;1;1;1;1
A0A3Q2LCW0;1;1;1;1;1;1;1;1;1
A0A3Q2LDC2;1;1;1;1;1;1;1;1;1
A0A3Q2LDJ2;1;1;1;1;1;1;1;1;1
A0A3Q2LDP0;1;1;1;1;1;1;1;1;1
A0A3Q2LDS4;1;1;1;1;1;1;1;1;1
A0A3Q2LE02;1;1;1;1;1;1;1;1;1
A0A3Q2LEJ5;1;1;0;0;0;1;0;0;0
A0A3Q2LF07;1;1;1;1;1;1;0;0;0
A0A3Q2LFB3;1;1;1;1;1;1;1;1;1
A0A3Q2LFN8;1;1;1;1;1;1;1;0;0
A0A3Q2LG25;1;1;1;1;1;1;1;1;1
A0A3Q2LGV8;1;1;1;1;1;1;0;1;0
A0A3Q2LHT8;1;1;1;1;1;1;1;1;1
A0A3Q2LHZ1;1;1;1;1;1;1;1;1;1
A0A3Q2LIG3;1;1;1;1;1;1;1;1;1
A0A3Q2LIQ8;1;1;1;1;0;1;0;1;0
A0A3Q2LJ28;0;0;0;0;1;0;0;0;0
A0A3Q2LJK9;1;1;1;1;1;1;1;1;1
A0A3Q2LJW8;1;1;1;1;1;1;1;1;1
A0A3Q2LKP7;1;1;1;1;1;1;0;1;0
A0A3Q2LKR5;1;1;1;1;1;1;1;1;1
A0A3Q2LKV4;1;1;1;1;1;1;1;1;1
A0A3Q2LMJ9;1;1;1;1;1;0;1;1;0
A0A3Q2LML3;1;1;1;1;1;1;1;1;0
A0A3Q2LML8;1;1;1;1;1;1;0;0;0
A0A3Q2LMN3;1;1;1;1;1;1;1;1;1
A0A3Q2LMR5;1;1;1;1;1;1;1;1;1
A0A3Q2LMT8;1;1;1;1;1;1;1;1;1
A0A3Q2LNE8;1;1;1;1;1;1;1;1;1
A0A3Q2LNW9;1;1;1;1;1;1;1;1;1
A0A3Q2LPE6;1;1;1;1;1;1;1;1;1
A0A3Q2LQ12;1;1;1;1;1;1;1;1;1
A0A3Q2LQ45;1;1;1;1;1;1;1;0;0
A0A3Q2LQ87;1;1;1;1;1;1;1;1;1
A0A3Q2LQH7;1;1;1;1;1;1;1;1;1
A0A3Q2LQX9;1;1;1;1;1;1;1;1;1
A0A3Q2LR25;1;1;1;1;1;1;1;1;1
A0A3Q2LRH6;1;1;1;1;1;1;1;1;1
A0A3Q2LRH9;1;1;1;1;1;1;1;1;1
A0A3Q2LS25;1;1;1;1;1;1;1;1;1
A0A3Q2LSB2;1;1;1;1;1;1;1;1;1
A0A3Q2LSX9;1;1;1;1;1;1;1;1;1
A0A3Q2LT36;1;1;1;1;1;1;1;1;1
A0A3Q2LUC2;1;1;1;1;0;1;0;0;1
A0A3Q2LUC4;1;1;1;1;1;1;1;1;1
A0A452GEM3;1;1;1;1;1;1;1;1;1
A0A452GEN0;1;1;1;1;1;1;0;0;0
A0A452GER3;1;1;1;1;1;1;1;1;1
A0A5F5PEB8;1;1;1;1;1;1;1;1;1
A0A5F5PED6;1;1;1;1;1;1;1;1;1
A0A5F5PEE6;0;0;0;0;0;0;1;0;0
A0A5F5PEF5;1;1;1;1;1;1;1;1;1
A0A5F5PEM8;1;1;1;1;1;1;1;1;1
A0A5F5PER4;1;1;1;1;1;1;0;1;1
A0A5F5PET2;1;1;1;1;1;1;0;1;1
A0A5F5PET6;1;1;1;1;1;1;1;1;1
A0A5F5PEV8;1;1;1;1;0;0;0;0;0
A0A5F5PEW2;1;1;1;1;1;1;1;1;1
A0A5F5PF02;1;1;1;1;1;1;1;1;1
A0A5F5PF23;1;1;1;1;1;1;1;1;1
A0A5F5PF54;1;1;1;1;1;1;1;1;0
A0A5F5PFA0;1;1;1;1;1;1;1;1;1
A0A5F5PFG7;1;1;1;1;1;1;1;1;1
A0A5F5PFI0;1;1;0;0;0;0;1;0;0
A0A5F5PFL6;1;1;1;1;1;1;1;1;1
A0A5F5PFW9;1;1;1;1;1;1;1;1;1
A0A5F5PG70;1;1;1;1;1;0;0;1;0
A0A5F5PGA8;1;1;1;1;1;1;1;1;1
A0A5F5PGB0;1;1;1;1;1;1;1;1;1
A0A5F5PGC3;1;1;1;1;1;1;1;1;1
A0A5F5PGQ6;1;1;1;1;1;1;1;0;0
A0A5F5PGT1;0;0;0;0;0;0;0;0;0
A0A5F5PGU1;1;1;1;1;1;1;1;1;1
A0A5F5PH67;1;1;1;1;1;1;1;1;1
A0A5F5PH75;1;0;1;1;1;1;0;0;0
A0A5F5PHL4;1;1;1;1;1;1;1;1;0
A0A5F5PHP0;1;1;1;1;1;1;1;1;1
A0A5F5PHQ4;1;1;0;1;0;0;0;0;0
A0A5F5PHR4;1;1;1;1;1;1;1;1;1
A0A5F5PHU5;0;0;0;0;0;1;0;0;0
A0A5F5PI72;1;1;1;1;1;1;1;1;1
A0A5F5PI89;1;1;1;1;1;1;1;1;1
A0A5F5PI91;1;1;1;1;1;1;1;1;1
A0A5F5PIB7;1;1;1;1;1;1;1;1;1
A0A5F5PIC6;1;1;1;1;1;1;0;1;0
A0A5F5PIH0;1;1;1;1;1;1;1;1;1
A0A5F5PIH7;1;1;1;1;1;0;0;0;0
A0A5F5PII4;1;1;1;1;1;1;1;1;1
A0A5F5PIJ3;1;1;1;1;1;1;1;1;1
A0A5F5PIJ7;1;1;1;1;1;1;1;1;1
A0A5F5PIK5;1;1;1;1;1;1;1;1;1
A0A5F5PIT2;1;1;1;1;1;1;0;0;0
A0A5F5PJ04;1;1;1;1;1;1;1;1;1
A0A5F5PJ10;1;1;1;1;1;1;1;0;1
A0A5F5PJB5;1;1;1;1;1;0;0;0;0
A0A5F5PJH7;1;1;1;1;1;1;1;1;1
A0A5F5PJL4;1;1;1;1;1;1;1;1;1
A0A5F5PJQ9;1;1;1;1;1;1;1;1;1
A0A5F5PK58;1;1;1;1;1;1;1;1;1
A0A5F5PK83;1;1;1;1;1;1;1;1;1
A0A5F5PK95;1;1;1;1;1;1;1;1;1
A0A5F5PKB4;1;1;1;1;1;1;1;1;1
A0A5F5PKC8;1;1;1;1;1;1;1;1;1
A0A5F5PKD7;1;1;1;1;1;1;1;1;1
A0A5F5PKF3;1;1;1;1;1;1;1;1;1
A0A5F5PKH1;1;1;1;1;1;1;1;1;1
A0A5F5PKI8;1;1;1;1;1;1;1;1;1
A0A5F5PKI9;1;1;1;1;1;1;1;1;1
A0A5F5PL33;1;1;1;1;1;1;0;0;0
A0A5F5PL54;1;1;1;1;1;1;1;1;1
A0A5F5PL79;1;1;1;1;1;1;1;1;1
A0A5F5PLA1;1;1;1;1;1;1;0;1;0
A0A5F5PLF7;0;0;0;0;0;0;0;0;1
A0A5F5PLN4;1;1;1;1;1;1;1;1;1
A0A5F5PLR0;1;1;1;1;1;1;0;0;0
A0A5F5PLR4;1;1;1;1;1;1;1;1;1
A0A5F5PLV2;1;1;0;0;0;0;1;0;0
A0A5F5PM08;1;1;1;1;1;1;1;1;1
A0A5F5PM33;1;1;1;1;1;1;0;1;0
A0A5F5PM55;1;1;1;0;0;0;1;1;0
A0A5F5PM56;1;1;1;1;1;1;1;1;0
A0A5F5PM68;1;1;1;1;0;1;0;0;0
A0A5F5PM86;1;1;1;1;1;0;1;1;1
A0A5F5PMB4;1;1;1;0;1;1;1;0;0
A0A5F5PMC5;0;1;1;0;0;0;0;0;0
A0A5F5PMH1;1;1;1;1;0;0;0;0;0
A0A5F5PMH5;1;1;1;1;1;1;1;1;1
A0A5F5PMH8;1;1;1;1;1;1;1;1;1
A0A5F5PMP3;1;1;1;1;1;1;1;1;1
A0A5F5PMR4;1;1;1;1;1;1;1;1;0
A0A5F5PMT3;1;1;1;1;1;1;1;1;1
A0A5F5PN10;0;1;1;0;0;0;1;0;0
A0A5F5PN84;1;1;1;1;1;1;1;1;1
A0A5F5PND1;1;1;1;1;1;1;1;1;1
A0A5F5PNF9;1;1;1;1;1;1;1;1;1
A0A5F5PNH6;1;0;1;1;1;0;0;0;0
A0A5F5PNV1;1;1;1;1;1;1;1;1;1
A0A5F5PPB8;1;1;1;1;1;1;1;1;1
A0A5F5PPD6;1;1;1;1;1;1;1;1;1
A0A5F5PPH2;1;1;1;1;1;1;1;1;1
A0A5F5PPI3;1;1;1;1;1;1;1;1;1
A0A5F5PPL2;1;1;1;1;0;1;0;0;0
A0A5F5PPL9;1;1;1;1;0;1;0;0;0
A0A5F5PPM3;1;1;1;1;1;1;1;1;1
A0A5F5PPR0;1;0;1;1;0;0;0;0;0
A0A5F5PPX1;1;1;1;1;1;1;0;1;1
A0A5F5PQ22;1;1;1;1;1;1;0;0;1
A0A5F5PQA0;1;1;1;1;1;1;1;1;1
A0A5F5PQB1;0;0;0;0;0;0;0;0;0
A0A5F5PQE5;1;1;1;1;1;1;1;1;1
A0A5F5PQQ6;1;1;1;1;0;1;1;1;0
A0A5F5PR26;1;1;1;1;1;1;1;1;1
A0A5F5PR28;1;1;1;1;1;1;1;1;1
A0A5F5PR40;1;1;1;1;1;1;1;0;1
A0A5F5PR55;1;1;1;1;1;1;1;1;1
A0A5F5PR74;1;1;1;1;1;1;1;1;1
A0A5F5PR84;1;1;1;1;1;1;1;1;1
A0A5F5PR87;1;1;1;1;1;1;1;1;1
A0A5F5PR97;1;1;1;1;0;0;0;0;0
A0A5F5PRB1;1;1;1;1;1;1;0;0;0
A0A5F5PRD3;1;1;1;1;1;1;1;0;0
A0A5F5PRE4;1;1;1;1;1;1;1;1;1
A0A5F5PRJ1;1;1;0;1;0;0;0;0;0
A0A5F5PRK0;1;1;1;1;1;1;1;1;0
A0A5F5PRQ8;1;1;1;1;1;1;0;0;0
A0A5F5PRU7;1;1;1;1;1;1;1;1;1
A0A5F5PRV3;1;1;1;1;1;1;1;1;0
A0A5F5PRZ7;1;1;1;1;1;1;1;1;1
A0A5F5PS01;1;1;1;1;1;1;1;1;1
A0A5F5PSC8;1;1;1;1;1;1;1;1;1
A0A5F5PSE6;0;1;0;1;0;0;0;0;0
A0A5F5PSJ0;1;1;1;1;1;1;0;1;0
A0A5F5PSP3;1;1;1;1;1;1;1;1;1
A0A5F5PSR8;1;1;1;1;1;1;1;1;1
A0A5F5PST7;1;1;1;1;1;1;1;1;1
A0A5F5PT34;1;1;1;1;1;1;1;1;1
A0A5F5PTA9;1;1;1;1;1;1;1;1;1
A0A5F5PTC8;1;1;1;1;1;1;1;1;1
A0A5F5PTF0;1;1;1;1;0;1;0;0;1
A0A5F5PTF6;1;1;1;1;1;1;1;1;1
A0A5F5PTH3;1;1;1;1;1;1;1;1;1
A0A5F5PTP6;1;1;1;1;1;1;1;1;1
A0A5F5PU06;1;1;1;1;1;1;1;1;1
A0A5F5PU83;1;1;1;1;1;1;1;1;1
A0A5F5PU89;0;0;0;0;0;0;0;0;0
A0A5F5PUL3;1;1;1;1;1;1;1;1;1
A0A5F5PUN5;1;1;1;1;1;1;1;1;1
A0A5F5PUR0;1;1;1;1;1;1;1;1;1
A0A5F5PUT1;0;1;0;1;1;1;1;0;0
A0A5F5PUT8;1;1;1;1;1;1;1;1;1
A0A5F5PUY6;1;1;1;1;1;1;1;1;1
A0A5F5PUZ4;1;1;1;1;1;1;1;1;1
A0A5F5PV21;0;1;1;1;0;0;0;0;0
A0A5F5PV90;1;1;1;1;1;1;1;1;1
A0A5F5PVG5;1;1;1;1;1;1;1;0;0
A0A5F5PVV4;1;1;1;1;1;1;1;1;1
A0A5F5PVZ1;1;1;1;1;1;1;1;1;1
A0A5F5PW07;1;1;1;1;1;1;1;1;1
A0A5F5PW11;1;1;1;1;1;1;1;1;1
A0A5F5PW18;1;1;0;1;0;1;0;0;0
A0A5F5PWD5;1;1;1;1;1;1;1;1;1
A0A5F5PWK8;0;1;1;1;0;1;0;0;0
A0A5F5PWN5;1;0;1;0;0;0;0;0;0
A0A5F5PWX1;1;1;1;0;0;1;1;1;1
A0A5F5PWY1;1;1;1;1;1;1;1;1;1
A0A5F5PXG1;0;1;1;0;1;1;0;1;0
A0A5F5PXL8;0;0;0;0;0;0;0;0;0
A0A5F5PXM9;1;1;1;1;1;1;1;1;1
A0A5F5PXZ7;1;1;1;1;1;1;1;1;1
A0A5F5PY70;1;1;1;1;1;1;1;1;1
A0A5F5PY76;1;1;1;0;0;1;0;0;0
A0A5F5PYE2;1;1;1;1;0;1;0;0;1
A0A5F5PYF1;1;1;1;1;1;1;1;1;1
A0A5F5PYJ2;1;1;1;1;1;1;1;1;1
A0A5F5PYN1;1;1;1;1;1;1;1;1;1
A0A5F5PYP2;1;1;1;1;1;1;1;1;1
A0A5F5PYS6;1;1;1;1;0;1;0;1;1
A0A5F5PYS7;0;1;0;1;1;1;1;1;1
A0A5F5PYU9;1;0;1;1;1;1;1;0;1
A0A5F5PZ47;1;1;1;1;1;1;1;1;1
A0A5F5PZ70;0;0;0;1;0;0;0;0;0
A0A5F5PZ86;1;1;1;1;1;1;1;1;1
A0A5F5PZB8;1;1;1;1;1;1;1;1;1
A0A5F5PZK8;1;1;1;1;1;1;1;0;0
A0A5F5PZP2;1;1;1;1;1;1;1;0;0
A0A5F5PZS2;1;1;1;1;1;1;1;1;1
A0A5F5PZS8;1;1;1;1;1;1;1;1;0
A0A5F5PZS9;1;1;1;1;1;1;1;1;1
A0A5F5PZZ3;1;1;1;1;1;1;1;1;1
A0A5F5Q038;1;1;1;0;1;1;1;1;1
A0A5F5Q068;1;1;1;1;1;1;0;0;0
A0A5F5Q090;1;1;1;1;1;1;1;1;1
A0A5F5Q0I9;1;1;1;1;1;1;1;1;1
A0A5F5Q0V8;1;1;1;1;1;1;1;1;1
A0A5F5Q142;1;1;1;1;1;1;0;1;0
A0A5F5Q1A5;1;1;1;1;0;1;1;0;1
A0A5F5Q1G3;1;1;1;1;1;1;1;1;1
A0A5F5Q254;1;1;1;1;1;1;1;1;1
A0A5F5Q281;1;1;1;1;1;1;1;1;1
A0A5F5Q2B2;1;1;1;1;1;1;1;1;1
A0A5F5Q2J1;1;1;1;1;1;1;1;1;1
A0A5F5Q2J5;0;0;0;0;0;0;1;1;1
A0A5F5Q2U3;1;1;1;1;1;1;1;1;1
A0A5F5Q2W2;1;1;1;1;1;1;1;1;1
A0A5F5Q2Y2;1;1;1;1;1;1;1;1;1
A0A5F5Q325;1;1;1;1;1;1;1;1;1
A0A5F5Q338;0;1;1;1;0;0;1;1;1
A0A5F5Q342;1;1;1;1;1;1;1;1;1
A0A5F5Q346;1;1;1;1;1;1;0;1;0
A0A5K1UTF7;1;1;1;1;1;1;1;1;1
A0A5K1VP18;1;1;1;1;1;1;1;1;1
A1YAF7;1;1;1;1;1;1;1;1;1
A2Q126;1;1;1;1;1;1;1;1;1
A5JST8;1;1;1;1;1;1;1;1;1
A8C9U1;0;0;1;0;1;1;0;0;0
B1AB90;0;0;1;0;1;0;1;1;1
B8K1X7;1;1;1;1;1;1;1;1;1
E0AEV7;1;1;1;1;1;1;1;1;1
F6PHP6;1;1;1;1;0;1;1;1;1
F6PIW0;1;1;1;1;1;1;1;1;1
F6PJF0;1;1;1;1;1;0;0;1;0
F6PJV0;1;1;1;1;1;1;1;1;1
F6PKW7;1;1;1;1;1;1;1;0;1
F6PLJ2;1;1;1;1;1;1;1;1;1
F6PN44;1;1;1;1;1;1;1;1;1
F6PN89;1;1;1;1;1;1;1;1;1
F6PNM1;1;1;1;0;1;1;0;0;1
F6PNU9;1;1;1;1;1;1;1;1;1
F6PQ46;1;1;1;1;1;1;1;1;1
F6PQD3;1;1;1;1;1;1;1;1;1
F6PTX3;1;1;1;1;1;1;1;1;1
F6PTY9;1;1;1;1;1;1;1;1;1
F6PU05;1;1;1;1;1;1;1;1;1
F6PUX8;1;1;1;1;1;1;1;1;1
F6PV25;1;1;1;1;1;1;1;1;1
F6PV50;0;1;1;0;1;1;0;1;0
F6PVJ6;1;1;1;1;1;1;1;1;1
F6PWV8;1;1;1;1;1;1;1;1;1
F6PY00;1;1;1;1;1;1;1;1;1
F6PY78;1;1;0;1;1;1;0;0;0
F6PYH6;1;1;1;1;1;1;1;1;1
F6PYM2;1;1;1;1;1;1;1;1;1
F6PZY1;1;1;1;1;1;0;1;1;1
F6Q3I9;1;1;1;1;1;1;1;1;1
F6Q4A3;1;1;1;1;1;1;1;1;1
F6Q4Q1;1;1;1;1;1;1;1;1;1
F6Q4Z8;1;1;1;1;1;1;1;1;1
F6Q645;1;1;1;1;1;1;1;1;0
F6Q698;1;1;1;1;1;1;0;0;1
F6Q6A8;1;1;1;1;1;1;1;1;1
F6Q737;0;1;0;1;0;0;0;0;0
F6Q7V4;1;1;1;1;1;1;1;1;1
F6Q892;1;1;1;1;1;1;1;1;1
F6Q947;1;1;1;1;1;1;1;1;1
F6QAP9;1;1;1;1;1;1;0;1;0
F6QDE2;1;1;1;1;1;1;1;1;1
F6QDH0;1;1;1;1;1;1;1;1;1
F6QDR0;1;1;1;1;1;1;1;0;0
F6QF58;1;1;1;1;1;1;1;1;1
F6QFQ3;1;1;1;1;1;1;1;1;1
F6QHY2;0;1;0;0;0;0;0;0;1
F6QIV1;1;1;1;1;1;1;1;1;1
F6QKJ2;1;1;1;1;1;1;1;1;1
F6QKR7;1;1;1;1;1;1;1;1;1
F6QLC6;1;1;1;0;0;1;0;0;0
F6QQ32;1;1;1;1;1;1;1;1;1
F6QSF7;1;1;1;1;0;0;0;0;0
F6QTJ6;1;1;1;1;1;1;1;1;1
F6QUD4;1;1;1;1;1;1;1;1;1
F6QUZ2;1;1;1;1;1;1;1;0;0
F6QX36;1;1;1;1;1;1;1;1;1
F6QXN5;1;1;1;1;1;1;1;1;1
F6QXW2;1;1;1;1;1;1;1;1;1
F6QXY2;1;1;1;1;1;1;1;1;1
F6QYS3;1;1;1;1;1;1;1;1;1
F6R013;1;1;1;1;1;1;1;1;1
F6R089;1;1;1;1;0;1;1;1;1
F6R1D6;1;1;1;1;0;0;0;1;0
F6R2A1;1;1;1;1;1;1;1;1;0
F6R3Q3;1;1;1;1;1;1;1;1;1
F6R449;1;1;1;1;1;1;1;1;1
F6R4Y3;1;1;1;1;1;1;1;1;1
F6R5B2;1;1;1;1;1;1;1;1;1
F6R5V4;1;0;0;1;0;0;1;0;0
F6R7J2;1;1;1;1;1;1;1;1;1
F6R869;1;1;1;1;1;1;1;1;1
F6R8R0;1;1;1;1;1;1;1;1;1
F6RA08;1;1;1;1;1;1;1;1;1
F6RAT7;1;1;1;1;1;1;1;1;1
F6RBA4;0;1;0;0;0;0;1;1;1
F6RCA8;1;1;1;1;1;1;1;1;1
F6RDB5;1;1;1;1;0;0;1;1;1
F6RF49;1;1;1;1;1;1;1;1;1
F6RHB3;1;1;1;1;1;1;0;0;0
F6RHD5;1;1;1;1;1;1;1;1;1
F6RIG2;1;1;1;1;1;1;0;1;0
F6RIZ2;0;1;1;1;0;1;0;1;1
F6RKM7;1;1;1;1;1;1;1;1;1
F6RL46;1;1;1;1;1;1;1;1;1
F6RLX6;1;1;1;1;1;1;1;1;1
F6RM73;1;1;1;1;1;1;1;1;1
F6RMA4;1;1;1;1;1;1;1;1;1
F6RMM1;1;1;1;1;1;1;1;1;1
F6RNK0;1;1;0;1;1;1;0;0;0
F6RPT6;0;1;1;1;1;0;1;0;1
F6RR40;1;1;1;1;1;1;1;1;1
F6RT71;1;1;1;1;1;1;1;1;1
F6RTD6;1;1;1;1;1;1;1;1;1
F6RTI8;1;1;1;0;1;1;1;1;1
F6RUJ8;1;1;1;1;1;1;1;1;1
F6RWS3;1;1;1;1;1;1;1;1;1
F6RX11;1;1;1;1;1;1;1;1;1
F6RXD9;1;1;1;1;1;1;1;1;1
F6RYA7;1;1;1;0;1;0;0;0;0
F6RZ46;1;1;1;1;1;1;1;1;1
F6S0Q4;1;1;1;1;1;1;1;1;1
F6S243;1;1;1;1;1;1;1;1;1
F6S2F8;1;1;1;1;1;1;1;1;1
F6S4R4;1;1;1;1;1;1;1;1;1
F6S535;1;1;1;1;1;1;1;1;1
F6S5E7;1;1;1;1;1;1;0;0;0
F6S5X4;1;1;1;1;1;1;0;0;0
F6S6J4;1;1;1;1;1;1;1;1;1
F6S8M6;1;1;1;1;0;1;0;0;0
F6S8T9;1;1;1;1;1;1;0;0;1
F6S9J8;1;1;1;1;1;0;1;1;1
F6S9T1;1;1;1;1;1;1;1;1;1
F6SAV5;1;1;1;1;1;1;1;1;1
F6SCB6;1;1;1;1;1;1;0;0;0
F6SD71;0;0;0;0;0;0;0;0;0
F6SDS3;0;0;0;0;0;0;1;1;0
F6SEM5;1;1;1;1;1;1;1;1;1
F6SER6;1;1;1;1;1;1;0;0;0
F6SF73;1;1;1;1;1;1;1;1;1
F6SFR8;1;1;1;1;1;1;1;1;1
F6SGX1;1;1;1;1;1;1;1;1;1
F6SGY9;1;1;1;1;1;1;1;1;1
F6SHH7;1;1;1;1;1;1;1;1;1
F6SHJ8;1;1;1;1;1;1;1;1;1
F6SI58;1;1;1;1;1;1;1;0;0
F6SKT2;1;1;1;1;1;1;1;1;1
F6SL95;1;1;1;1;1;1;1;1;1
F6SLX2;1;1;1;1;1;1;1;1;1
F6SM40;1;1;1;1;1;1;1;1;1
F6SMA2;1;1;1;0;1;1;0;0;0
F6SMZ4;1;1;1;1;1;1;1;1;1
F6SN37;1;1;1;1;1;1;1;0;1
F6SN52;1;1;1;1;1;1;1;1;1
F6SP02;1;1;1;1;1;1;1;1;1
F6SP74;1;1;1;1;1;1;1;1;1
F6SPH9;1;1;1;1;1;1;1;1;1
F6SQN2;1;1;1;1;1;1;1;1;1
F6SRP7;1;1;1;1;1;1;1;1;1
F6SS69;1;1;1;1;1;1;0;0;0
F6STH6;1;1;1;1;0;1;0;0;0
F6SXQ9;1;1;1;1;1;1;1;1;1
F6SYI2;1;1;1;1;1;1;1;1;1
F6SYM2;1;1;1;1;1;1;1;1;1
F6SZG4;1;1;1;1;1;1;1;1;1
F6SZJ2;1;1;1;1;1;1;1;1;1
F6T0A6;1;1;1;1;1;1;1;1;1
F6T1A4;1;1;1;1;1;1;1;1;1
F6T1P0;1;1;1;1;1;1;1;1;1
F6T201;1;1;1;1;1;1;1;1;1
F6T2F7;1;0;1;0;0;1;0;0;0
F6T2K8;1;1;1;1;1;1;1;1;1
F6T2L8;1;1;1;1;1;1;1;1;1
F6T323;1;1;1;1;1;1;1;1;1
F6T471;1;1;1;1;1;1;1;1;1
F6T4X6;1;1;1;1;1;1;1;1;1
F6T5Q6;1;1;0;1;0;0;0;0;0
F6T9E4;1;1;1;1;1;1;1;1;1
F6TAH8;1;1;1;1;1;1;1;1;1
F6TCI4;1;1;1;1;1;1;1;1;1
F6TEX7;1;1;1;1;1;1;1;1;1
F6TGA5;1;1;1;1;1;1;1;1;1
F6TGT9;1;1;1;1;1;1;1;1;1
F6TGW9;1;1;1;1;1;1;1;1;1
F6TH64;1;1;1;1;1;1;1;1;0
F6THG1;1;1;1;1;1;1;1;1;1
F6THY7;1;1;1;1;1;1;0;0;1
F6TIM4;1;1;1;1;1;1;1;1;1
F6TJX5;1;1;1;1;1;1;1;1;1
F6TLF7;0;0;0;0;0;0;1;1;1
F6TLU0;1;1;1;1;1;1;1;1;1
F6TMA6;1;1;1;1;0;0;0;0;0
F6TNX4;1;1;1;1;1;1;1;1;1
F6TQR2;1;1;1;1;1;1;1;1;1
F6TSK0;1;1;1;1;1;1;1;1;1
F6TTP1;1;1;1;1;1;1;1;1;1
F6TVY8;1;1;1;1;1;1;1;1;1
F6TVZ7;1;1;1;1;1;1;1;1;1
F6TXZ9;1;1;1;1;1;1;1;1;1
F6TY28;1;1;1;1;1;0;0;0;0
F6TY61;1;1;1;1;1;1;0;1;1
F6TYW4;1;1;1;1;1;1;1;1;1
F6TZS9;1;1;1;1;1;1;1;1;1
F6U187;1;1;1;1;1;1;1;1;1
F6U2W9;1;1;1;1;1;1;1;1;1
F6U354;1;1;1;1;1;1;1;1;1
F6U5P3;1;1;1;1;1;1;1;0;0
F6U5R1;1;1;1;1;1;1;1;1;1
F6U8Z5;1;1;1;1;1;1;1;1;1
F6U991;1;1;1;1;1;1;1;1;1
F6U999;1;1;1;1;1;1;0;0;1
F6UAN2;1;1;1;1;1;1;1;1;0
F6UBF6;1;1;1;1;1;1;1;1;1
F6UCB3;1;1;1;1;1;1;1;1;1
F6UCU8;1;1;1;1;1;0;0;1;0
F6UCZ2;1;1;1;1;1;1;1;1;1
F6UF75;1;1;1;1;1;1;1;1;1
F6UFT2;1;1;1;1;0;1;1;1;0
F6UGI4;1;1;1;1;1;1;1;1;1
F6UGK7;1;1;1;1;1;1;1;1;1
F6UH83;1;1;1;1;1;1;1;1;1
F6UHG8;1;1;1;1;0;0;0;0;0
F6UJ03;1;1;0;1;1;1;1;1;1
F6UJ33;1;1;1;1;1;1;1;1;1
F6UJN2;1;1;1;1;1;1;1;1;1
F6UL42;1;1;1;1;1;1;1;1;1
F6UL68;1;1;1;1;1;1;1;1;1
F6UL81;1;1;1;1;1;1;0;0;1
F6ULU1;1;1;1;1;1;1;1;1;1
F6UM66;1;1;1;1;1;1;1;0;1
F6UME7;1;1;1;1;1;1;1;1;1
F6UNB9;1;1;1;1;1;1;1;1;1
F6UNR3;1;1;1;1;1;1;1;1;1
F6UNW8;1;1;1;1;1;1;1;1;1
F6UP14;1;1;1;1;1;1;1;1;1
F6UQI3;1;1;1;1;1;1;1;1;1
F6URU4;1;1;1;1;1;1;1;1;1
F6USP9;1;1;1;1;1;1;1;1;1
F6UU57;1;1;1;1;1;1;1;1;1
F6UUR3;1;1;1;1;1;1;1;1;0
F6UUX5;1;1;1;1;1;1;1;1;1
F6UVQ0;1;1;1;1;1;1;1;1;1
F6UX29;1;1;0;1;1;1;1;1;1
F6UXM7;1;1;1;1;1;1;1;1;1
F6UZ00;1;1;1;1;1;1;1;1;1
F6UZH0;1;1;1;1;1;1;1;1;1
F6V1L0;1;1;1;1;1;1;1;1;1
F6V2X7;1;1;1;1;1;1;1;1;1
F6V3D5;1;1;1;1;1;1;1;1;1
F6V4S1;1;1;1;1;1;1;1;1;1
F6V541;1;1;1;1;1;1;0;0;0
F6V6T6;1;0;1;0;0;1;0;0;0
F6V881;1;1;1;1;1;1;1;1;1
F6V9Q3;1;1;1;1;1;1;1;1;1
F6VB94;1;1;1;1;1;1;1;1;1
F6VBP9;1;1;1;1;1;1;1;1;1
F6VCE9;1;1;1;1;1;1;1;1;1
F6VD51;1;1;1;1;1;1;1;1;1
F6VE62;0;1;0;1;0;0;0;0;0
F6VEA3;1;1;1;1;1;1;1;1;1
F6VFY0;1;1;1;1;1;1;1;1;1
F6VH42;1;1;1;1;1;1;1;1;1
F6VJ01;1;1;1;1;1;1;1;0;1
F6VJF5;1;1;1;1;1;1;1;1;1
F6VJM0;1;1;1;1;1;1;1;1;1
F6VJR6;1;1;1;1;1;1;1;1;1
F6VM62;1;1;1;1;1;1;1;1;1
F6VMD0;1;1;1;1;1;1;1;0;0
F6VNI0;1;1;1;1;1;1;0;0;0
F6VP03;1;1;1;1;1;1;1;1;1
F6VPI8;1;1;1;1;1;1;1;1;1
F6VPL4;1;1;1;1;1;1;1;1;1
F6VQU9;1;1;1;1;1;1;1;1;1
F6VSG0;1;1;1;1;1;1;1;1;1
F6VSN2;1;1;1;1;1;1;1;1;1
F6VSN9;1;1;1;1;1;1;1;1;1
F6VTD3;1;1;1;1;1;1;1;1;1
F6VTV5;1;1;1;1;1;1;1;1;1
F6VTW3;1;1;1;1;1;1;1;1;1
F6VUD7;1;1;1;1;1;1;1;1;1
F6VUI6;1;1;1;1;1;1;0;0;0
F6VUR4;1;1;1;1;1;1;1;1;1
F6VVG6;1;1;1;1;1;1;1;1;1
F6VWK4;1;1;1;1;1;1;1;1;1
F6VX41;1;1;1;1;1;1;1;1;1
F6VYL8;1;1;1;1;1;1;1;1;1
F6VZN7;1;1;1;1;1;1;1;1;1
F6W039;1;1;1;1;1;1;1;1;1
F6W2I4;0;0;1;1;1;1;1;1;0
F6W2Q3;1;1;1;1;1;1;0;0;0
F6W354;1;1;1;1;1;1;1;1;1
F6W535;1;1;1;1;1;1;1;1;1
F6W584;1;0;1;1;0;1;1;1;1
F6W6E8;1;1;1;1;1;1;1;1;1
F6W720;1;1;1;1;1;1;1;1;1
F6W739;1;1;1;1;1;1;1;1;1
F6W8C8;1;1;1;1;1;1;1;1;1
F6W8Z7;1;1;1;1;1;1;1;1;1
F6WA92;1;1;1;1;1;1;1;1;1
F6WAU6;1;1;1;1;1;1;1;1;1
F6WB41;1;1;1;1;1;1;1;1;1
F6WB51;1;1;1;1;1;1;1;1;1
F6WBB0;1;1;1;1;1;1;0;0;0
F6WCB7;1;1;1;1;1;1;1;1;1
F6WCC9;1;1;1;1;1;1;1;1;1
F6WD07;1;1;1;1;1;1;1;1;1
F6WD70;1;1;1;1;1;1;1;1;1
F6WDN0;1;1;1;1;1;1;1;1;1
F6WDW3;1;1;1;1;1;1;1;1;1
F6WE31;1;1;1;1;1;1;1;1;1
F6WG72;1;1;1;1;1;1;1;1;1
F6WJB5;1;1;1;1;1;1;1;1;1
F6WJJ3;1;1;1;1;1;1;0;0;0
F6WKP5;1;1;1;1;1;1;0;1;0
F6WL01;1;1;1;1;1;1;1;1;1
F6WLI6;1;1;1;1;1;1;1;1;1
F6WLV4;0;1;1;1;1;0;1;0;1
F6WLX9;1;1;1;1;1;1;1;1;1
F6WN90;1;1;1;1;1;1;0;0;0
F6WNQ7;1;0;1;1;1;0;1;0;0
F6WNV3;1;1;1;1;1;1;1;1;1
F6WPB4;1;1;1;1;1;1;1;1;1
F6WPP3;1;1;1;0;0;0;1;1;1
F6WQ61;1;1;1;1;1;1;1;1;1
F6WQJ4;1;1;1;1;1;1;1;1;1
F6WR95;1;1;1;1;1;1;1;1;1
F6WRP1;1;1;1;1;1;1;1;1;1
F6WSA6;1;1;1;1;1;1;1;1;1
F6WTJ7;1;1;1;1;1;1;1;1;1
F6WVD1;1;1;1;1;1;1;1;1;1
F6WWW7;1;1;1;1;1;1;1;1;1
F6WX78;1;1;1;1;1;1;1;1;1
F6WY40;1;1;1;1;1;1;1;1;1
F6WZ69;1;1;1;1;1;1;1;1;1
F6X0A7;1;1;1;1;1;1;1;1;1
F6X0K3;1;1;1;1;1;1;1;1;1
F6X1A3;1;1;1;1;1;1;1;1;1
F6X1H9;1;1;1;1;1;1;1;1;1
F6X1I8;1;1;1;1;1;1;1;1;1
F6X277;1;1;1;1;1;1;1;1;0
F6X2E1;1;1;1;1;1;1;1;1;1
F6X3M3;1;1;1;1;1;1;1;1;1
F6X3Y5;1;1;1;1;1;1;1;1;1
F6X440;1;1;1;1;1;1;1;0;1
F6X4Y8;1;1;1;1;1;1;0;1;0
F6X6A6;1;1;1;1;1;1;1;1;1
F6X6J0;1;1;1;1;1;1;1;1;1
F6X756;1;1;1;1;1;1;1;1;1
F6X7G5;1;1;1;1;1;1;0;0;0
F6X7M4;0;0;0;0;0;0;1;1;1
F6X9D3;1;1;1;1;1;1;1;1;1
F6X9U4;1;1;1;1;1;1;1;1;0
F6XA25;1;1;1;1;1;1;1;1;1
F6XAL9;1;1;1;1;1;1;1;1;1
F6XB05;0;0;0;0;0;0;0;0;0
F6XBI7;0;0;0;0;0;0;0;0;0
F6XC16;1;1;1;1;1;1;1;1;1
F6XCF2;1;1;1;1;1;1;0;1;1
F6XE64;1;1;1;1;1;1;1;1;1
F6XEW8;1;1;1;1;1;1;1;0;1
F6XFG0;1;1;1;1;1;1;1;1;1
F6XFR0;1;1;1;1;1;1;1;1;0
F6XHR9;1;1;1;1;1;1;0;0;0
F6XJB0;1;1;1;1;1;1;1;1;1
F6XJN4;1;1;0;1;0;1;0;0;0
F6XL03;1;1;1;1;1;1;1;1;1
F6XLM5;1;1;1;1;1;1;1;1;1
F6XLZ5;1;1;1;1;1;1;1;1;1
F6XM13;1;1;1;1;1;0;1;1;1
F6XPL9;1;1;1;1;1;1;1;1;1
F6XRL6;1;1;1;1;1;1;1;1;0
F6XS05;1;1;1;1;1;1;1;1;1
F6XSF7;1;1;1;1;1;1;1;1;1
F6XSG4;1;1;1;1;1;1;1;1;1
F6XSN2;1;1;1;1;1;1;1;1;1
F6XSR3;1;1;1;1;1;1;1;1;1
F6XUJ2;1;1;1;1;1;1;1;1;1
F6XVX2;1;1;1;1;0;0;0;1;0
F6XWM5;1;1;1;1;1;0;1;1;1
F6XXB5;1;1;1;1;1;1;1;1;1
F6XZQ1;1;1;1;1;1;1;1;1;1
F6Y257;1;1;1;1;1;1;1;0;0
F6Y2H3;1;1;1;1;1;1;1;1;1
F6Y2I4;1;1;1;0;0;0;1;1;1
F6Y2Q4;0;0;0;0;0;0;0;0;0
F6Y351;1;1;1;1;1;1;1;1;1
F6Y426;1;1;1;1;1;1;1;0;1
F6Y4H1;0;0;0;0;0;0;0;0;0
F6Y4J0;1;1;1;1;1;1;1;1;0
F6Y4R0;1;1;1;1;1;1;1;1;0
F6Y642;1;1;1;1;1;1;1;1;0
F6Y6W2;1;1;1;1;1;1;1;1;1
F6Y6W9;1;1;1;1;1;0;0;0;0
F6Y739;1;1;1;1;1;1;1;1;1
F6Y959;1;1;1;1;1;1;1;1;1
F6YBQ6;1;1;1;1;1;1;1;1;1
F6YE64;1;1;1;1;1;1;1;0;1
F6YEU3;1;1;1;1;1;1;1;1;1
F6YEV8;1;1;1;1;1;1;1;1;1
F6YG82;1;1;1;1;1;1;1;1;1
F6YIK2;1;1;1;1;1;1;1;1;1
F6YJR6;1;1;1;1;1;1;1;1;1
F6YKH4;1;1;1;1;1;1;1;1;1
F6YKL4;1;1;1;1;1;1;1;1;1
F6YKN4;1;1;0;0;1;0;0;0;0
F6YMR8;0;0;1;0;0;0;1;1;1
F6YNR0;1;1;1;1;1;1;1;1;1
F6YPI2;1;1;0;1;0;0;1;0;1
F6YPN7;1;1;1;1;1;1;1;1;1
F6YPR7;0;0;0;1;0;0;1;1;1
F6YQC6;1;1;0;1;0;0;0;0;0
F6YQD9;1;0;0;0;0;0;0;0;0
F6YQM5;1;1;1;1;1;1;1;1;1
F6YQZ0;1;1;1;0;0;0;0;0;0
F6YR34;1;1;1;1;1;1;1;1;1
F6YUU0;1;1;1;1;1;1;1;0;1
F6YV40;1;1;1;1;1;1;1;1;1
F6YWV8;1;1;1;1;1;1;1;1;0
F6YXV8;1;1;1;1;1;1;1;1;1
F6YY47;0;0;0;0;0;0;0;0;0
F6YZ13;1;1;1;1;1;1;1;1;1
F6YZJ4;1;1;1;1;1;1;1;1;1
F6YZT7;1;1;1;1;0;1;0;0;0
F6Z041;1;1;1;1;1;1;1;1;1
F6Z073;1;1;1;1;0;0;1;0;0
F6Z0Q3;0;1;0;0;0;0;0;0;0
F6Z0Y3;1;1;1;1;1;1;1;1;1
F6Z183;1;1;1;1;1;1;1;1;1
F6Z1Z7;1;1;1;1;1;1;1;1;1
F6Z230;1;1;1;1;1;1;0;0;0
F6Z2I7;1;1;1;1;1;1;1;1;1
F6Z2L5;1;1;1;1;1;1;1;1;1
F6Z4J4;1;1;1;1;1;1;1;1;1
F6Z4N9;1;1;1;1;1;1;1;1;1
F6Z555;1;1;1;1;1;1;1;1;1
F6Z587;1;1;1;1;1;1;1;1;1
F6Z5L1;1;0;0;0;0;0;1;0;0
F6Z640;1;1;1;1;1;1;1;1;1
F6Z688;1;1;1;1;1;1;1;1;1
F6Z7J2;1;1;1;1;1;1;1;1;1
F6Z832;1;1;1;1;1;1;1;0;1
F6Z904;1;1;1;1;1;1;0;1;0
F6ZAK1;1;1;1;1;1;1;1;1;1
F6ZAZ2;1;1;1;1;1;1;1;1;1
F6ZB40;1;1;1;1;1;1;1;1;0
F6ZB53;1;1;1;1;1;1;1;1;1
F6ZBJ3;1;1;1;1;1;1;1;1;1
F6ZC75;1;1;1;1;1;1;1;1;1
F6ZD04;1;1;1;1;1;1;1;1;1
F6ZDJ2;1;1;1;1;1;1;1;1;1
F6ZE54;1;1;1;1;1;1;1;1;1
F6ZED2;1;1;1;1;1;1;0;1;1
F6ZER8;1;1;1;1;1;1;1;1;0
F6ZFH9;1;1;1;1;1;1;1;1;1
F6ZFT8;1;1;1;1;1;1;1;1;1
F6ZGZ1;1;1;1;1;1;1;1;1;0
F6ZHQ5;1;1;1;1;1;1;1;1;1
F6ZI35;1;1;1;1;1;1;1;1;1
F6ZIY3;1;1;1;1;1;1;1;1;1
F6ZN26;1;1;1;1;1;1;1;1;1
F6ZN44;1;1;1;1;1;1;1;1;1
F6ZNX3;1;1;1;1;1;1;1;1;1
F6ZP69;1;1;1;1;1;1;1;1;1
F6ZP76;1;1;1;1;1;1;1;1;1
F6ZQ77;1;1;1;1;1;1;1;1;1
F6ZQE2;1;1;1;1;1;1;1;1;1
F6ZQS4;1;1;1;1;1;1;1;1;1
F6ZRH8;0;0;0;1;0;0;0;0;0
F6ZRQ3;1;1;1;1;1;1;1;1;1
F6ZSS7;1;1;1;1;1;1;1;1;1
F6ZW92;1;1;1;1;1;1;1;0;0
F6ZX61;1;1;1;1;1;1;1;1;1
F6ZXJ2;1;1;1;1;1;1;1;1;1
F6ZY40;1;1;1;1;1;1;1;1;1
F6ZY52;1;1;1;1;0;1;1;0;0
F7A1W7;0;1;0;1;0;0;1;1;0
F7A3Y3;1;1;1;1;1;1;1;1;1
F7A4K0;1;1;1;1;1;1;1;1;1
F7A4S7;1;1;1;1;1;1;1;1;1
F7A4V1;0;0;0;0;0;0;0;0;0
F7A5X2;1;1;1;1;1;1;1;1;1
F7A6J6;1;1;1;1;1;1;1;1;1
F7A7L3;1;1;1;1;1;1;1;1;1
F7A8Z1;1;1;1;1;0;1;1;1;0
F7A984;1;1;1;1;1;1;1;1;1
F7A9B0;1;1;1;1;1;1;1;1;0
F7AA69;1;1;1;0;1;0;0;0;0
F7AAA8;1;1;0;1;0;1;1;0;0
F7AAK7;1;1;1;1;1;1;1;1;1
F7AB03;1;1;1;1;1;1;1;1;1
F7AB94;1;1;1;1;1;1;1;1;1
F7AD02;1;1;1;1;1;1;1;0;1
F7ADB2;1;1;1;1;1;1;1;1;1
F7ADD3;1;1;1;1;1;1;1;1;1
F7AEL9;1;1;1;1;1;1;1;1;1
F7AG92;1;1;1;1;1;1;0;0;0
F7AGI4;1;1;1;1;1;1;1;1;1
F7AIP7;1;1;1;1;1;1;1;1;1
F7AIW1;1;1;1;1;0;1;1;1;0
F7AJ54;1;1;1;1;1;1;1;1;1
F7AJL6;1;1;1;1;1;1;1;1;1
F7ALF9;1;1;1;1;1;1;1;1;1
F7ALR7;1;1;1;1;1;1;1;1;1
F7ALY5;1;1;0;1;1;1;1;1;1
F7AMM0;1;1;1;1;1;1;1;1;1
F7ANR3;1;1;1;1;1;1;1;1;1
F7APU2;1;1;1;1;1;1;1;1;1
F7ARB6;1;1;1;1;1;1;1;1;1
F7AS57;1;1;1;1;1;1;0;0;0
F7ATM2;1;1;1;1;1;1;1;1;1
F7AU83;1;1;1;1;0;1;1;0;0
F7AUY9;1;1;1;1;1;1;1;1;1
F7AVH3;1;1;1;0;0;1;0;0;0
F7AWX3;1;1;1;1;1;1;1;1;1
F7AX81;1;1;1;1;1;1;1;1;1
F7AXH2;1;1;1;1;1;1;1;1;1
F7AXI9;1;1;1;1;1;1;1;1;1
F7AYR2;1;1;1;1;1;1;1;1;1
F7AYU1;1;1;1;1;1;1;1;1;1
F7AZ44;1;1;1;1;0;1;1;0;0
F7B1E3;0;0;0;0;0;0;0;0;0
F7B232;1;1;1;1;1;1;1;1;1
F7B3L3;1;1;1;1;1;1;1;1;1
F7B570;1;1;1;1;1;1;1;1;1
F7B5B1;1;1;1;1;1;1;1;1;1
F7B6D0;1;1;1;1;1;1;0;0;0
F7B821;1;1;1;1;1;1;1;1;1
F7B8D4;1;1;1;1;1;1;1;1;1
F7BA94;1;1;1;1;1;1;1;1;1
F7BBH3;1;1;1;1;1;1;1;1;1
F7BBI4;1;1;1;1;1;1;1;1;1
F7BCV1;1;1;1;1;1;1;1;1;1
F7BD89;1;1;1;1;1;1;0;0;0
F7BDT2;1;1;1;1;1;1;1;1;1
F7BE95;1;1;1;1;1;1;1;1;1
F7BEM5;1;1;1;1;1;1;1;1;1
F7BFJ1;1;1;1;1;1;1;1;1;1
F7BFM4;1;1;1;1;1;1;1;1;1
F7BFT1;1;1;1;1;1;1;1;1;1
F7BG94;1;1;1;1;1;1;1;1;1
F7BH96;1;1;1;1;1;1;1;1;1
F7BHC3;1;1;1;1;1;1;1;1;1
F7BIR2;1;1;1;1;1;1;0;1;1
F7BK38;1;1;1;1;1;1;1;1;1
F7BK45;1;1;1;1;1;1;1;1;1
F7BKA2;1;1;1;1;1;1;1;1;1
F7BKE1;1;1;1;1;1;1;1;1;1
F7BKI9;1;1;1;1;1;1;1;1;1
F7BKK5;1;1;1;1;1;1;1;1;1
F7BKY7;1;1;1;1;1;1;1;1;1
F7BLU1;1;1;1;1;1;1;1;1;1
F7BLZ7;1;1;1;1;1;1;0;1;0
F7BM31;1;1;1;1;1;1;1;1;1
F7BMJ8;1;1;1;1;1;1;1;1;1
F7BMY5;1;1;1;1;1;1;1;1;1
F7BN08;1;1;1;1;1;1;1;1;1
F7BND9;1;1;1;1;1;1;1;1;1
F7BP16;1;1;1;1;0;0;0;1;1
F7BPB8;1;1;1;1;1;1;1;1;1
F7BQA8;1;1;1;1;0;1;1;1;1
F7BQD6;0;0;0;0;0;0;1;0;0
F7BQS3;1;1;1;1;1;1;1;1;1
F7BRA4;1;1;1;1;1;1;1;1;1
F7BTC6;1;1;1;1;0;0;1;0;0
F7BTK9;1;1;1;1;1;1;1;1;1
F7BTW7;1;1;1;1;1;1;1;1;1
F7BUV8;1;1;1;1;1;1;1;1;1
F7BWL2;1;1;1;1;1;1;0;0;0
F7BXA6;1;1;1;1;1;1;1;1;1
F7BXE4;1;1;1;1;1;1;1;1;1
F7BXF9;1;1;1;1;1;1;1;1;1
F7BYD1;1;1;1;1;1;1;0;0;0
F7BYZ9;1;1;1;1;1;1;1;1;1
F7BZZ0;1;1;1;1;1;1;1;1;1
F7C081;1;1;1;1;1;1;1;1;1
F7C0M6;1;1;1;1;1;1;1;1;1
F7C0U4;1;1;1;1;1;1;1;1;1
F7C2J3;1;1;1;1;1;1;1;1;1
F7C2Y5;1;1;1;1;1;1;1;1;1
F7C373;1;1;1;1;1;1;1;1;1
F7C3J5;1;1;1;1;1;1;0;0;0
F7C555;1;1;1;1;1;1;1;1;1
F7C5F1;1;1;1;1;1;1;1;1;1
F7C5G3;1;1;1;1;1;1;1;1;1
F7C5T6;1;1;1;1;1;1;1;1;1
F7C6F2;1;1;1;1;1;1;1;1;1
F7C708;1;1;1;0;1;1;1;1;0
F7C9D8;1;1;1;1;1;1;1;1;0
F7C9G5;1;1;1;1;1;1;1;1;1
F7CAC5;1;1;1;1;1;1;1;1;1
F7CAX0;1;1;1;1;1;1;1;1;1
F7CC29;1;1;1;1;1;1;1;1;1
F7CCP9;1;1;1;1;1;1;1;1;1
F7CDA7;1;1;1;1;1;1;1;1;1
F7CDJ8;1;1;1;1;1;1;1;1;1
F7CE01;1;1;1;1;1;1;1;1;1
F7CE45;1;1;1;1;1;1;1;1;1
F7CEU9;1;1;1;1;1;1;1;1;1
F7CFR5;1;1;1;1;1;1;1;1;1
F7CG77;1;1;1;1;1;1;1;1;1
F7CGI0;1;1;1;1;1;1;1;1;1
F7CGP9;1;0;0;1;1;1;0;0;0
F7CGV8;1;1;1;1;1;1;1;1;1
F7CHI7;1;1;1;1;1;1;1;1;1
F7CHR2;1;1;1;1;1;1;1;1;1
F7CI32;1;1;1;1;1;1;1;1;1
F7CIX6;1;1;1;1;1;1;1;1;1
F7CJW5;1;1;1;1;1;1;1;0;1
F7CK08;1;1;1;1;1;1;1;1;1
F7CKI0;1;1;1;1;1;1;1;1;1
F7CKI7;1;1;1;1;1;1;1;1;1
F7CL80;1;1;1;1;1;1;1;1;1
F7CMB4;1;1;1;1;1;1;1;1;1
F7CMH2;1;1;1;1;1;1;1;1;1
F7CMI6;0;1;1;1;0;0;0;0;0
F7CMU1;1;1;1;1;0;0;0;0;0
F7CMY7;1;1;1;1;1;1;1;1;0
F7CNE1;1;1;1;1;1;1;1;1;1
F7CP01;1;0;1;0;1;1;0;0;1
F7CPI8;1;1;1;1;1;1;1;1;1
F7CQM8;1;1;1;1;1;1;1;1;0
F7CS60;1;1;1;1;1;1;1;1;1
F7CSQ5;1;1;1;1;1;1;1;1;1
F7CTC3;1;1;0;0;0;0;0;0;0
F7CTQ1;1;1;1;1;0;0;0;0;0
F7CTS5;1;1;1;1;1;1;1;1;1
F7CU94;1;1;1;1;1;1;1;1;1
F7CUX8;1;1;1;1;1;1;1;1;1
F7CV04;1;1;1;1;1;1;1;1;1
F7CVP9;1;1;1;1;1;1;1;1;1
F7CVS4;1;1;1;1;1;1;1;1;1
F7CYG2;1;1;1;1;1;1;1;1;1
F7CYL2;1;1;1;1;1;1;1;1;1
F7CYR1;1;1;1;1;1;1;1;1;1
F7CZB9;1;1;1;1;1;1;1;1;1
F7CZH3;1;1;1;1;1;1;1;1;1
F7CZV6;1;1;1;1;1;1;1;1;1
F7CZW9;1;1;1;1;0;0;0;0;0
F7D007;1;1;1;1;0;1;0;0;0
F7D0N3;1;1;1;1;1;1;1;1;1
F7D1R1;1;1;1;1;1;1;1;1;1
F7D2D9;1;1;1;1;1;1;1;1;1
F7D301;1;1;1;1;1;1;1;1;1
F7D3E3;1;1;1;1;1;1;1;1;1
F7D3H6;1;1;1;1;1;1;1;1;1
F7D5H0;1;1;1;1;1;1;1;1;1
F7D5N4;1;1;1;1;1;1;0;1;0
F7D6J0;0;0;1;0;0;1;1;1;1
F7D7Z9;1;1;1;1;1;1;1;1;1
F7D8B0;1;1;1;1;1;1;1;1;1
F7D8K7;1;1;1;1;1;1;1;1;1
F7D917;1;1;1;1;1;1;1;1;1
F7D9D8;1;1;1;1;1;1;1;1;1
F7D9G5;1;1;1;1;1;1;1;1;1
F7D9J2;1;1;1;1;1;1;1;1;1
F7D9T7;1;1;1;1;1;1;1;0;0
F7DA17;1;1;1;1;1;1;1;1;1
F7DAK8;1;1;1;1;1;1;0;0;0
F7DB59;1;1;1;1;1;1;1;1;1
F7DBE9;1;1;1;1;1;1;1;0;0
F7DBR8;1;1;0;0;1;0;0;0;0
F7DCH4;1;1;1;1;1;1;1;1;1
F7DE06;1;1;1;1;1;1;1;1;1
F7DE18;1;1;1;1;1;1;1;1;1
F7DE75;1;1;1;1;1;1;1;1;1
F7DEB1;1;1;1;1;1;1;1;1;1
F7DEN7;1;1;1;1;1;1;1;1;1
F7DF55;0;0;1;0;1;1;1;0;0
F7DFM3;1;1;1;1;1;1;1;1;1
F7DFM9;1;0;1;1;1;1;0;0;0
F7DG14;1;1;1;1;1;1;1;1;1
F7DGD6;1;1;1;1;1;1;1;1;1
F7DHW2;1;1;1;1;1;1;1;1;1
F7DIX7;1;1;1;1;1;1;1;1;1
F7DJK5;1;1;1;1;1;0;1;0;1
F7DK11;1;1;0;1;1;1;1;1;0
F7DL71;1;1;1;1;1;1;1;1;1
F7DMA1;1;1;1;1;1;1;1;1;1
F7DMJ7;1;1;1;1;1;1;1;1;1
F7DMU4;1;1;1;1;1;1;1;1;1
F7DNM6;1;1;1;1;1;1;1;1;1
F7DNT0;1;0;0;1;0;0;0;0;0
F7DNV3;1;1;1;1;1;1;0;0;0
F7DNY7;1;1;1;1;1;1;1;1;1
F7DP73;0;0;1;1;1;1;1;1;1
F7DPB3;0;0;1;1;0;0;0;0;0
F7DQB9;1;1;1;1;1;1;1;1;1
F7DQS6;1;1;1;1;1;1;1;1;1
F7DQY2;1;1;1;1;1;1;0;0;0
F7DS56;1;1;1;1;1;1;1;1;1
F7DSF7;0;1;0;0;0;1;0;0;0
F7DT73;1;1;1;1;1;1;1;1;1
F7DTB6;1;1;1;1;1;1;1;1;1
F7DTJ8;1;1;1;1;1;1;1;1;1
F7DU34;1;1;1;1;1;1;1;1;1
F7DW15;1;1;1;1;1;1;1;1;1
F7DW69;1;1;1;1;1;1;1;1;1
F7DWC8;1;1;1;1;1;1;0;0;0
F7DWN5;1;1;1;1;1;1;1;1;1
F7DX98;1;1;1;1;1;1;1;1;1
F7DXG8;1;1;1;1;1;1;1;1;1
F7DXY0;1;1;1;1;1;1;1;1;0
F7DY67;1;1;1;1;1;1;1;1;1
F7DY89;1;1;1;1;1;1;1;1;1
F7DYV8;0;1;0;0;1;1;0;0;0
F7DZE7;1;0;0;1;0;1;1;1;1
F7DZV9;1;1;1;1;1;1;1;1;1
F7E0P3;1;1;1;1;1;1;1;1;1
F7E1X2;1;1;1;1;1;1;1;1;1
F7E284;1;1;1;1;1;1;1;1;1
F7E2E0;1;1;1;1;1;1;1;1;1
F7E2J2;0;0;0;1;1;1;0;0;0
F7E3Y7;1;1;1;1;1;1;1;1;1
F7E419;1;1;1;1;1;1;1;1;1
F7E4G6;1;1;1;1;1;1;1;1;1
H9GZL8;1;1;1;1;1;1;1;1;1
H9GZM1;1;0;1;1;1;0;0;1;1
H9GZT5;1;1;1;1;1;1;1;1;1
H9GZT7;0;0;0;1;0;0;0;0;0
H9GZU8;1;1;1;1;1;1;1;1;1
H9GZW3;1;1;1;1;1;1;1;0;0
H9GZX2;1;1;1;1;1;1;1;1;1
H9H007;1;1;1;1;1;1;1;1;1
H9H036;1;1;1;1;1;1;1;1;1
H9H039;1;1;1;1;1;1;1;1;0
K9K483;1;1;1;1;1;1;1;1;1
K9K4D8;1;1;1;1;1;1;1;1;1
O19011;1;1;1;1;1;0;1;0;0
O46542;1;1;1;1;1;1;1;1;1
O77691;1;1;1;1;1;1;1;1;1
O97508;1;1;1;1;1;1;1;1;1
P00443;1;1;1;1;1;1;1;1;1
P01958;1;1;1;1;1;1;1;1;1
P02062;1;1;1;1;1;1;1;1;1
P02791;1;1;1;1;1;1;0;1;1
P04365;1;1;1;1;0;1;1;0;0
P05619;1;1;1;1;1;1;1;1;1
P08907;1;1;1;1;1;1;1;1;1
P35747;1;1;1;1;1;1;1;1;1
P38029;1;1;1;1;1;1;1;1;1
Q28372;1;1;1;1;1;1;1;1;1
Q28381;1;1;1;1;1;1;1;1;1
Q28397;0;1;1;0;0;0;1;1;1
Q2MCN2;1;1;1;1;1;1;1;1;1
Q5VI84;1;1;1;1;1;1;1;1;1
Q6EAS5;1;1;1;1;1;1;1;1;1
Q6W8P9;0;0;0;0;0;1;1;1;1
Q8HZM6;1;1;1;1;1;1;1;1;1
Q8MIP0;1;1;1;1;1;1;1;1;1
Q95M14;1;1;1;1;1;1;1;1;1
Q9TUL9;1;1;1;1;1;1;1;1;1
