;Batch 1;Batch 2;Batch 3;Batch 4;Batch 5;Batch 6
Q9HAU0;0;0;0;0;0;1
P80217;0;0;0;0;0;1
Q13509;0;0;0;0;0;1
A8MUU1;0;0;0;0;0;1
P17516;0;0;0;0;0;1
P48594;0;0;0;0;0;1
Q86SG5;0;0;0;0;0;1
P01911;0;0;0;0;0;1
O95716;0;0;0;0;0;1
Q9UNS2;0;0;0;0;0;1
Q96AT9;0;0;0;0;0;1
Q9H1Z4;0;0;0;0;0;1
P53597;0;0;0;0;0;1
P07195;0;0;0;0;0;1
O95299;0;0;0;0;0;1
O94874;0;0;0;0;0;1
Q9UGM5;0;0;0;0;0;1
Q9NQX3;0;0;0;0;0;1
Q9UQC9;0;0;0;0;0;1
P57735;0;0;0;0;0;1
Q01628;0;0;0;0;0;1
Q9Y2G5;0;0;0;0;0;1
Q9Y4P1;0;0;0;0;0;1
Q9UID3;0;0;0;0;0;1
Q8WUM0;0;0;0;0;0;1
Q16831;0;0;0;0;0;1
Q9BW92;0;0;0;0;0;1
Q99643;0;0;0;0;0;1
P20061;0;0;0;0;0;1
O95249;0;0;0;0;0;1
Q3ZAQ7;0;0;0;0;0;1
P53384;0;0;0;0;0;1
P53805;0;0;0;0;0;1
O43252;0;0;0;0;0;1
P52434;0;0;0;0;0;1
Q9Y3C7;0;0;0;0;0;1
P18615;0;0;0;0;0;1
P56524;0;0;0;0;0;1
Q8TCV5;0;0;0;0;0;1
Q8NHP1;0;0;0;0;1;0
Q9NRR5;0;0;0;0;1;1
Q9NWV8;0;0;0;0;1;1
Q8N5A5;0;0;0;0;1;1
P34931;0;0;0;0;1;0
A0A0B4J1Y9;0;0;0;0;1;0
P0DOY3;0;0;0;0;1;0
O43548;0;0;0;0;1;0
Q6EMK4;0;0;0;0;1;0
P09488;0;0;0;0;1;0
P0DPK5;0;0;0;0;1;0
Q15369;0;0;0;0;1;0
Q13554;0;0;0;0;1;0
Q13033;0;0;0;0;1;1
O95394;0;0;0;0;1;1
Q9GZT9;0;0;0;0;1;1
P15121;0;0;0;0;1;1
Q9NQW1;0;0;0;1;0;0
Q96SL4;0;0;0;1;0;1
Q8N4C6;0;0;0;1;1;0
Q5TEC6;0;0;0;1;0;0
Q9P0M6;0;0;0;1;0;0
Q99972;0;0;0;1;0;0
Q7L1Q6;0;0;0;1;0;0
Q8WYA6;0;0;0;1;0;0
Q9Y3D0;0;0;0;1;0;0
Q4ZHG4;0;0;0;1;0;0
O43827;0;0;0;1;0;0
Q9NWS0;0;0;0;1;0;0
Q7Z4W1;0;0;0;1;0;0
Q8N1F7;0;0;0;1;0;0
P61024;0;0;0;1;0;0
Q9Y600;0;0;0;1;0;0
Q9NQP4;0;0;0;1;0;0
Q3YEC7;0;0;0;1;0;1
Q9UI42;0;0;0;1;0;1
P01766;0;0;0;1;0;1
P36507;0;0;0;1;0;1
O95571;0;0;0;1;0;1
Q9UEW3;0;0;0;1;0;1
P31937;0;0;0;1;0;1
O14828;0;0;0;1;0;1
Q9Y6E0;0;0;0;1;0;1
Q8IZL8;0;0;0;1;0;1
P62312;0;0;0;1;0;1
Q02252;0;0;0;1;0;1
Q9NVS2;0;0;0;1;0;1
Q96HF1;0;0;0;1;0;1
Q9Y6M1;0;0;0;1;0;1
P07196;0;0;0;1;0;1
Q15172;0;0;0;1;0;1
Q99959;0;0;0;1;0;1
Q8N138;0;0;0;1;0;1
P09234;0;0;0;1;0;1
Q9Y2T3;0;0;0;1;0;1
Q9BQ69;0;0;0;1;0;1
Q9BVC6;0;0;0;1;0;1
Q9UQN3;0;0;0;1;0;1
Q9UI10;0;0;0;1;0;1
Q92506;0;0;0;1;1;1
Q9UG63;0;0;0;1;1;1
Q9NSB2;0;0;0;1;1;0
Q0VF96;0;0;0;1;1;0
P46060;0;0;0;1;1;1
P20290;0;0;0;1;1;1
O43181;0;0;0;1;1;1
Q13573;0;0;0;1;1;1
Q5T447;0;0;0;1;1;1
Q9Y680;0;0;0;1;1;1
P48163;0;0;0;1;1;1
Q3SY84;0;0;1;0;0;0
Q13733;0;0;1;0;0;0
Q14651;0;0;1;0;0;1
P14136;0;0;1;0;1;1
Q5VZF2;0;0;1;1;0;1
Q9BQ39;0;0;1;1;0;1
P16333;0;0;1;1;0;1
Q9UDY2;0;0;1;1;1;1
P0CG35;0;0;1;1;1;1
O00471;0;0;1;0;0;0
Q92922;0;0;1;0;0;0
P49746;0;0;1;0;0;0
A0A0C4DH29;0;0;1;0;0;0
O43592;0;0;1;0;0;0
Q9H993;0;0;1;0;0;0
Q15485;0;0;1;0;0;0
O15460;0;0;1;0;0;0
B1AK53;0;0;1;0;0;0
Q16352;0;0;1;0;0;0
P62330;0;0;1;0;0;0
Q13201;0;0;1;0;0;1
P14649;0;0;1;0;0;1
Q92878;0;0;1;0;0;1
O15264;0;0;1;0;0;1
Q92600;0;0;1;0;0;1
P05106;0;0;1;0;0;1
Q01970;0;0;1;0;0;1
Q9P253;0;0;1;0;0;1
O95232;0;0;1;0;0;1
Q08AM6;0;0;1;0;0;1
Q92888;0;0;1;0;0;1
Q8IY81;0;0;1;0;0;1
Q9Y2K2;0;0;1;0;0;1
Q9HAF1;0;0;1;0;0;1
Q99942;0;0;1;0;0;1
O96005;0;0;1;0;0;1
O95379;0;0;1;0;0;1
Q9NWT6;0;0;1;0;1;0
O14744;0;0;1;0;1;0
P19105;0;0;1;0;1;1
Q92820;0;0;1;0;1;1
Q15628;0;0;1;0;1;1
Q6NUJ1;0;0;1;1;0;1
O15027;0;0;1;1;0;1
Q9H939;0;0;1;1;0;1
P18085;0;0;1;1;0;0
Q13098;0;0;1;1;0;0
Q7L7X3;0;0;1;1;0;0
O75427;0;0;1;1;0;0
Q9Y3R4;0;0;1;1;0;0
Q8TE77;0;0;1;1;0;1
Q9Y337;0;0;1;1;0;1
Q9UHG3;0;0;1;1;0;1
Q16186;0;0;1;1;0;1
P49023;0;0;1;1;0;1
Q96B26;0;0;1;1;0;1
Q9Y624;0;0;1;1;0;1
O14497;0;0;1;1;0;1
Q16822;0;0;1;1;0;1
P42566;0;0;1;1;0;1
Q9BTL3;0;0;1;1;0;1
P80188;0;0;1;1;0;1
Q9BRT3;0;0;1;1;0;1
Q13637;0;0;1;1;0;1
O95169;0;0;1;1;0;1
Q9UBV8;0;0;1;1;0;1
O95202;0;0;1;1;0;1
Q06787;0;0;1;1;1;1
P46379;0;0;1;1;1;1
Q3ZCQ8;0;0;1;1;1;0
Q02539;0;0;1;1;1;1
P16112;0;0;1;1;1;1
P04439;0;0;1;1;1;1
P36980;0;0;1;1;1;1
O60841;0;0;1;1;1;1
P54821;0;0;1;1;1;1
P55769;0;0;1;1;1;1
O95168;0;0;1;1;1;1
P29992;0;0;1;1;1;1
Q16836;0;0;1;1;1;1
Q99873;0;0;1;1;1;1
O00186;0;0;1;1;1;1
O75629;0;0;1;1;1;1
Q96AG4;0;0;1;1;1;1
A0A0B4J1V1;0;1;0;0;0;0
Q96MM6;0;1;0;0;0;0
Q9UQ16;0;1;0;0;0;1
O60645;0;1;0;0;0;1
P01817;0;1;0;1;1;0
P51178;0;1;0;1;0;1
P12107;0;1;0;1;1;0
Q6GQQ9;0;1;0;1;1;0
Q02985;0;1;1;1;0;1
O76011;0;1;1;1;1;1
Q96AB3;0;1;1;1;0;1
O15294;0;1;1;1;1;1
Q9NWU2;0;1;1;0;0;0
Q5SRE7;0;1;1;0;0;0
P18754;0;1;1;0;0;1
P56545;0;1;1;0;1;0
P25440;0;1;1;0;1;0
Q9NYU2;0;1;1;0;1;1
Q8NFH5;0;1;1;1;0;0
P60953;0;1;1;1;0;1
A5A3E0;0;1;0;0;0;0
P04350;0;1;0;0;0;0
Q07283;0;1;0;0;0;0
Q14532;0;1;0;0;0;0
P0DP01;0;1;0;0;0;0
P78386;0;1;0;0;0;0
Q8TAE6;0;1;0;0;0;0
P17693;0;1;0;0;0;0
Q14533;0;1;0;0;0;0
O60826;0;1;0;0;0;0
P98082;0;1;0;0;0;0
O15382;0;1;0;0;0;0
A1L0T0;0;1;0;0;0;0
Q9UBV2;0;1;0;0;0;0
O14498;0;1;0;0;0;0
Q9Y3E7;0;1;0;0;0;0
Q76M96;0;1;0;0;0;0
Q86WV6;0;1;0;0;0;0
P28161;0;1;0;0;0;0
O75940;0;1;0;0;0;0
Q12972;0;1;0;0;0;0
P54886;0;1;0;0;0;0
O15254;0;1;0;0;0;0
P83110;0;1;0;0;0;0
Q7Z3B1;0;1;0;0;0;0
Q13868;0;1;0;0;0;0
Q92609;0;1;0;0;0;0
Q15477;0;1;0;0;0;0
P21953;0;1;0;0;0;0
Q99627;0;1;0;0;0;0
Q9UNL2;0;1;0;0;0;0
Q12929;0;1;0;0;0;0
Q02750;0;1;0;0;0;1
Q8TD55;0;1;0;0;0;1
A0A075B6K5;0;1;0;0;0;1
P42025;0;1;0;0;0;1
Q2UY09;0;1;0;0;0;1
Q13557;0;1;0;0;0;1
Q9NZB2;0;1;0;0;0;1
P22223;0;1;0;0;0;1
P83111;0;1;0;0;0;1
Q6ZMR3;0;1;0;0;0;1
Q6P1N0;0;1;0;0;0;1
Q6P2E9;0;1;0;0;0;1
Q9NPD3;0;1;0;0;0;1
Q9BUB7;0;1;0;0;0;1
Q13045;0;1;0;0;0;1
Q9NVT9;0;1;0;0;0;1
Q96T51;0;1;0;0;0;1
O14841;0;1;0;0;0;1
Q6P0A1;0;1;0;0;0;1
Q9UJY5;0;1;0;0;0;1
Q68CZ2;0;1;0;0;0;1
Q9BXJ9;0;1;0;0;0;1
P00742;0;1;0;0;0;1
Q4KMP7;0;1;0;0;0;1
O75023;0;1;0;0;0;1
P16671;0;1;0;0;0;1
P53618;0;1;0;0;0;1
Q9UHA4;0;1;0;0;0;1
Q8IUD2;0;1;0;0;0;1
P00326;0;1;0;0;0;1
P29762;0;1;0;0;0;1
P54289;0;1;0;0;0;1
Q9NRX3;0;1;0;0;0;1
Q8WUY3;0;1;0;0;0;1
P40967;0;1;0;0;0;1
Q9H147;0;1;0;0;0;1
Q9NUQ9;0;1;0;0;0;1
P49757;0;1;0;0;0;1
O43264;0;1;0;0;0;1
O75886;0;1;0;0;0;1
Q14126;0;1;0;0;0;1
Q96PU8;0;1;0;0;0;1
P50452;0;1;0;0;1;0
Q8IVL6;0;1;0;0;1;0
A0A0C4DH34;0;1;0;0;1;1
Q8IX12;0;1;0;0;1;1
Q6NVY1;0;1;0;0;1;1
P78406;0;1;0;0;1;1
P48539;0;1;0;0;1;1
P35244;0;1;0;0;1;1
P16220;0;1;0;0;1;1
Q53TN4;0;1;0;0;1;1
P35613;0;1;0;0;1;1
P02100;0;1;0;1;0;0
P63010;0;1;0;1;1;1
Q9UBG0;0;1;0;1;1;1
Q14141;0;1;0;1;0;0
Q9UH65;0;1;0;1;0;0
P08754;0;1;0;1;0;0
Q16795;0;1;0;1;0;0
O15067;0;1;0;1;0;0
Q9NZH8;0;1;0;1;0;0
Q8WXX5;0;1;0;1;0;0
P16083;0;1;0;1;0;0
Q7LBR1;0;1;0;1;0;0
P15529;0;1;0;1;0;0
Q99747;0;1;0;1;0;0
Q71U36;0;1;0;1;0;1
P0C0S5;0;1;0;1;0;1
P10321;0;1;0;1;0;1
P29373;0;1;0;1;0;1
O94901;0;1;0;1;0;1
Q9BUT1;0;1;0;1;0;1
P55010;0;1;0;1;0;1
P55210;0;1;0;1;0;1
O15355;0;1;0;1;0;1
O75436;0;1;0;1;0;1
Q2M389;0;1;0;1;0;1
Q9Y508;0;1;0;1;0;1
Q9Y3C0;0;1;0;1;0;1
Q9UIS9;0;1;0;1;0;1
Q9P013;0;1;0;1;0;1
Q8N490;0;1;0;1;0;1
Q9HC07;0;1;0;1;0;1
Q9UBI1;0;1;0;1;1;0
Q8N4P3;0;1;0;1;1;1
Q8IUL8;0;1;0;1;1;0
Q96LD4;0;1;0;1;1;0
Q63HR2;0;1;0;1;1;0
Q9NQ79;0;1;0;1;1;1
Q9NTI5;0;1;0;1;1;1
O43294;0;1;0;1;1;1
Q14151;0;1;0;1;1;1
Q9UMX5;0;1;0;1;1;1
Q7L2H7;0;1;0;1;1;1
Q15057;0;1;0;1;1;1
Q08J23;0;1;0;1;1;1
O95400;0;1;0;1;1;1
P22692;0;1;0;1;1;1
Q8IZQ5;0;1;0;1;1;1
Q8IVL8;0;1;0;1;1;1
Q9NXW9;0;1;0;1;1;1
O15305;0;1;1;0;0;1
Q96L92;0;1;1;0;0;1
Q96A35;0;1;1;0;0;1
Q9BZZ5;0;1;1;0;0;1
Q9BQE3;0;1;1;0;1;1
Q9GZY8;0;1;1;0;1;1
Q13492;0;1;1;0;1;1
Q96LJ7;0;1;1;1;0;0
P46926;0;1;1;1;0;0
P16435;0;1;1;1;0;1
P48061;0;1;1;1;0;1
O60313;0;1;1;1;0;1
Q12857;0;1;1;1;0;1
Q15814;0;1;1;1;0;1
P11387;0;1;1;1;0;1
P35573;0;1;1;1;1;0
Q9UBT2;0;1;1;1;1;1
P00813;0;1;1;1;1;0
Q9UJZ1;0;1;1;1;1;1
Q8TCD5;0;1;1;1;1;1
O43583;0;1;1;1;1;1
P08648;0;1;1;1;1;1
P01782;0;1;1;0;0;0
O43660;0;1;1;0;0;0
P30511;0;1;1;0;0;0
Q96A72;0;1;1;0;0;0
O00214;0;1;1;0;0;0
O75095;0;1;1;0;0;0
Q16627;0;1;1;0;0;0
P56378;0;1;1;0;0;0
Q9UQB8;0;1;1;0;0;0
Q9NR31;0;1;1;0;0;1
Q99848;0;1;1;0;0;1
P26196;0;1;1;0;0;1
P07686;0;1;1;0;0;1
P16615;0;1;1;0;0;1
Q12959;0;1;1;0;0;1
Q9NZ01;0;1;1;0;0;1
Q12765;0;1;1;0;0;1
Q9NX55;0;1;1;0;0;1
Q96JJ7;0;1;1;0;0;1
Q15223;0;1;1;0;0;1
Q9NRG9;0;1;1;0;0;1
Q676U5;0;1;1;0;0;1
P30876;0;1;1;0;0;1
P11234;0;1;1;0;1;1
O95757;0;1;1;0;1;1
P62906;0;1;1;0;1;1
P26639;0;1;1;0;1;1
Q8IWS0;0;1;1;0;1;0
Q9UI12;0;1;1;0;1;0
Q5T0W9;0;1;1;0;1;0
O60828;0;1;1;0;1;0
Q9BV20;0;1;1;0;1;1
Q9ULZ3;0;1;1;0;1;1
P51148;0;1;1;0;1;1
Q9Y2X3;0;1;1;0;1;1
Q15020;0;1;1;0;1;1
O75955;0;1;1;0;1;1
P29350;0;1;1;0;1;1
P46063;0;1;1;0;1;1
Q14669;0;1;1;0;1;1
Q5RKV6;0;1;1;0;1;1
Q96S44;0;1;1;0;1;1
Q9BVJ7;0;1;1;1;0;0
P63027;0;1;1;1;0;1
Q9NT62;0;1;1;1;0;1
Q99719;0;1;1;1;1;1
Q9UM54;0;1;1;1;1;1
P29218;0;1;1;1;1;1
P51571;0;1;1;1;0;0
Q9Y6K9;0;1;1;1;0;0
Q6IQ22;0;1;1;1;0;0
O95721;0;1;1;1;0;0
P80723;0;1;1;1;0;0
P32926;0;1;1;1;0;1
P22234;0;1;1;1;0;1
Q99615;0;1;1;1;0;1
Q92688;0;1;1;1;0;1
Q14353;0;1;1;1;0;1
Q9NW64;0;1;1;1;0;1
P61020;0;1;1;1;0;1
P24928;0;1;1;1;0;1
Q9H7C9;0;1;1;1;0;1
Q9P1F3;0;1;1;1;0;1
Q9Y6G3;0;1;1;1;0;1
Q92615;0;1;1;1;0;1
Q9Y295;0;1;1;1;0;1
Q8IWX8;0;1;1;1;0;1
O75439;0;1;1;1;0;1
Q13308;0;1;1;1;0;1
P32456;0;1;1;1;0;1
P61026;0;1;1;1;0;1
Q9NRF9;0;1;1;1;0;1
Q96FV9;0;1;1;1;0;1
Q9UKF6;0;1;1;1;0;1
Q8NC56;0;1;1;1;0;1
Q9HB71;0;1;1;1;0;1
O60220;0;1;1;1;0;1
Q99836;0;1;1;1;0;1
Q9H3D4;0;1;1;1;0;1
Q9BYD3;0;1;1;1;0;1
Q32P28;0;1;1;1;1;0
Q9Y3C8;0;1;1;1;1;1
Q9P0G3;0;1;1;1;1;1
Q9UP83;0;1;1;1;1;1
P48426;0;1;1;1;1;0
Q9UNF1;0;1;1;1;1;0
P80303;0;1;1;1;1;0
Q9Y2Q3;0;1;1;1;1;0
P60891;0;1;1;1;1;0
Q13057;0;1;1;1;1;0
P29083;0;1;1;1;1;0
Q9UN70;0;1;1;1;1;0
Q9NTI2;0;1;1;1;1;1
Q12905;0;1;1;1;1;1
P55000;0;1;1;1;1;1
P50213;0;1;1;1;1;1
Q6P2Q9;0;1;1;1;1;1
P62993;0;1;1;1;1;1
Q9BZQ8;0;1;1;1;1;1
Q9UHD9;0;1;1;1;1;1
O14908;0;1;1;1;1;1
P51858;0;1;1;1;1;1
A0A0B4J2D9;0;1;1;1;1;1
Q96CT7;0;1;1;1;1;1
Q99729;0;1;1;1;1;1
Q13242;0;1;1;1;1;1
Q9UHL4;0;1;1;1;1;1
P10643;0;1;1;1;1;1
O00534;0;1;1;1;1;1
O00233;0;1;1;1;1;1
Q99459;0;1;1;1;1;1
Q9Y6G9;0;1;1;1;1;1
P50579;0;1;1;1;1;1
Q9Y3Y2;0;1;1;1;1;1
Q14108;0;1;1;1;1;1
O75884;0;1;1;1;1;1
Q8N4T8;0;1;1;1;1;1
P55058;0;1;1;1;1;1
Q9NSA3;0;1;1;1;1;1
Q15785;0;1;1;1;1;1
Q9Y237;0;1;1;1;1;1
O95831;0;1;1;1;1;1
Q9H0U6;0;1;1;1;1;1
Q9UIV8;0;1;1;1;1;1
Q9Y5J9;0;1;1;1;1;1
H7BZ55;0;1;1;1;1;1
Q14677;0;1;1;1;1;1
Q13405;0;1;1;1;1;1
A6NDG6;0;1;1;1;1;1
O75400;0;1;1;1;1;1
P29803;1;0;0;0;0;0
Q12955;1;0;0;0;0;1
Q9UI08;1;0;0;0;0;1
Q9Y316;1;0;0;0;0;1
P21397;1;0;0;0;1;1
Q9HCJ3;1;0;0;0;1;1
Q96E39;1;0;0;1;0;0
Q7Z5N4;1;0;0;1;0;0
P25815;1;0;0;1;0;1
Q01085;1;0;0;1;0;1
Q7Z3Z0;1;0;0;1;1;0
P07197;1;0;1;1;0;1
P25189;1;0;1;1;1;1
Q96JQ0;1;0;1;1;1;1
P40937;1;0;1;1;1;1
P25686;1;0;1;1;1;1
P09914;1;0;1;1;1;1
P15153;1;1;0;0;0;0
Q147X3;1;1;1;1;0;0
P62820;1;1;1;1;0;1
Q9UKX3;1;1;1;1;0;0
Q8WZ42;1;1;1;1;0;1
Q13630;1;1;1;0;1;1
Q8WWI1;1;1;1;1;1;1
Q86WI3;1;1;1;1;1;0
Q9H7E9;1;1;0;0;0;0
Q14938;1;1;0;0;0;1
P42285;1;1;0;0;0;1
P29353;1;1;0;0;0;1
Q08379;1;1;0;0;1;1
P50851;1;1;0;0;1;1
P03973;1;1;0;1;0;1
Q9HB40;1;1;0;1;1;1
Q13564;1;1;0;1;0;1
P27487;1;1;0;1;0;1
Q6UVK1;1;1;0;1;0;1
Q00059;1;1;0;1;1;1
Q99816;1;1;0;1;1;1
Q9UMX0;1;1;0;1;1;0
Q16539;1;1;0;1;1;1
Q15029;1;1;0;1;1;1
Q8ND56;1;1;0;1;1;1
Q5JTJ3;1;1;0;1;1;1
Q9Y678;1;1;1;0;0;1
A0A0B4J1V2;1;1;1;0;1;1
Q9Y4W6;1;1;1;1;0;1
Q14160;1;1;1;1;0;1
Q15796;1;1;1;1;0;1
Q5JT82;1;1;1;1;1;1
Q8WVJ2;1;1;1;1;1;1
P28906;1;1;1;1;1;1
P36269;1;1;1;1;1;1
P01721;1;1;1;0;0;0
Q9H6S3;1;1;1;0;0;1
P02741;1;1;1;0;0;1
Q13618;1;1;1;0;1;1
P01593;1;1;1;0;1;1
O95274;1;1;1;0;1;1
P51532;1;1;1;1;0;0
Q15067;1;1;1;1;0;1
P22307;1;1;1;1;0;1
Q9Y3L3;1;1;1;1;1;1
Q8N6H7;1;1;1;1;1;1
Q13153;1;1;1;1;1;1
Q9BY32;1;1;1;1;1;1
O75694;1;1;1;1;0;0
Q9NYL9;1;1;1;1;0;1
Q15811;1;1;1;1;0;1
P51553;1;1;1;1;0;1
Q8IW45;1;1;1;1;0;1
P06865;1;1;1;1;0;1
Q8TAQ2;1;1;1;1;1;1
Q9Y6W5;1;1;1;1;1;1
Q15468;1;1;1;1;1;1
O94832;1;1;1;1;1;1
Q9Y2E4;1;1;1;1;1;0
Q8N1Q8;1;1;1;1;1;1
P31939;1;1;1;1;1;1
O75347;1;1;1;1;1;1
Q12904;1;1;1;1;1;1
P46109;1;1;1;1;1;1
Q7Z6Z7;1;1;1;1;1;1
Q9H8L6;1;1;1;1;1;1
Q9UKK9;1;1;1;1;1;1
Q969L2;1;1;1;1;1;1
P30040;1;1;1;1;1;1
P09874;1;1;1;1;1;1
P49736;1;1;1;1;1;1
Q14696;1;1;1;1;1;1
Q8IUE6;1;0;0;0;0;0
P11217;1;0;0;0;0;0
Q9H4B7;1;0;0;0;0;0
A0A0C4DH33;1;0;0;0;0;0
Q9Y5Q8;1;0;0;0;0;0
Q5VVQ6;1;0;0;0;0;0
O43865;1;0;0;0;0;0
P29972;1;0;0;0;0;0
O95365;1;0;0;0;0;0
O75607;1;0;0;0;0;0
Q8IXS6;1;0;0;0;0;0
O94760;1;0;0;0;0;0
P23025;1;0;0;0;0;0
P0DTE1;1;0;0;0;0;0
Q13586;1;0;0;0;0;0
Q86X76;1;0;0;0;0;0
Q96B36;1;0;0;0;0;0
Q9BY43;1;0;0;0;0;0
Q96AQ6;1;0;0;0;0;0
Q9UDY4;1;0;0;0;0;0
Q9BW72;1;0;0;0;0;0
Q96P70;1;0;0;0;0;0
Q9P2A4;1;0;0;0;0;1
Q04828;1;0;0;0;0;1
Q9Y2J2;1;0;0;0;0;1
P51572;1;0;0;0;0;1
Q05469;1;0;0;0;0;1
O60218;1;0;0;0;0;1
P61077;1;0;0;0;0;1
P23610;1;0;0;0;0;1
Q9NQ48;1;0;0;0;0;1
Q9BRK5;1;0;0;0;0;1
P11532;1;0;0;0;1;0
P26885;1;0;0;0;1;0
Q8IZ73;1;0;0;0;1;0
P13804;1;0;0;0;1;1
P49720;1;0;0;0;1;1
P54108;1;0;0;0;1;1
O14936;1;0;0;1;0;1
Q9H4A4;1;0;0;1;1;1
Q01484;1;0;0;1;0;0
Q96IX5;1;0;0;1;0;0
P29622;1;0;0;1;0;0
P0DMN0;1;0;0;1;0;0
O76041;1;0;0;1;0;0
Q96I25;1;0;0;1;0;0
Q71UI9;1;0;0;1;0;1
Q9NTX5;1;0;0;1;0;1
P52895;1;0;0;1;0;1
P29536;1;0;0;1;0;1
O43684;1;0;0;1;0;1
O60936;1;0;0;1;0;1
Q9UN36;1;0;0;1;0;1
P33316;1;0;0;1;0;1
Q4L180;1;0;0;1;0;1
O95816;1;0;0;1;0;1
Q14314;1;0;0;1;0;1
Q9NVS9;1;0;0;1;0;1
Q4V9L6;1;0;0;1;0;1
P82673;1;0;0;1;0;1
O15446;1;0;0;1;0;1
Q8TDP1;1;0;0;1;0;1
Q01196;1;0;0;1;0;1
P30405;1;0;0;1;1;1
Q16718;1;0;0;1;1;1
Q9UKS6;1;0;0;1;1;0
A1L4H1;1;0;0;1;1;0
Q9BXR0;1;0;0;1;1;0
O43866;1;0;0;1;1;1
O00391;1;0;0;1;1;1
Q7Z4V5;1;0;0;1;1;1
Q9C005;1;0;0;1;1;1
Q96BM9;1;0;0;1;1;1
Q9H444;1;0;0;1;1;1
P04271;1;0;0;1;1;1
O43760;1;0;0;1;1;1
Q9HDC9;1;0;0;1;1;1
Q9NQT5;1;0;0;1;1;1
Q641Q2;1;0;0;1;1;1
P27708;1;0;0;1;1;1
P40855;1;0;0;1;1;1
Q7L5D6;1;0;1;0;0;0
O15031;1;0;1;1;0;1
O60879;1;0;1;1;0;0
P55854;1;0;1;1;0;1
Q92890;1;0;1;1;1;1
Q6UXI7;1;0;1;1;1;1
Q16775;1;0;1;1;1;1
P20742;1;0;1;0;0;0
O76094;1;0;1;0;0;0
A0A075B6H7;1;0;1;0;0;0
O75475;1;0;1;0;0;0
Q9BWU0;1;0;1;0;0;0
P61326;1;0;1;0;0;0
Q9H246;1;0;1;0;0;0
Q9H190;1;0;1;0;0;0
Q9NZ52;1;0;1;0;0;0
P57764;1;0;1;0;0;0
Q9NZ32;1;0;1;0;0;0
Q16719;1;0;1;0;0;0
Q14240;1;0;1;0;0;1
Q9UJW0;1;0;1;0;0;1
P56381;1;0;1;0;0;1
Q9BU89;1;0;1;0;0;1
P30711;1;0;1;0;0;1
O60232;1;0;1;0;0;1
Q6Y7W6;1;0;1;0;0;1
Q9Y2Z0;1;0;1;0;0;1
Q9H3Y8;1;0;1;0;0;1
P12829;1;0;1;0;0;1
Q9NPE3;1;0;1;0;0;1
Q92625;1;0;1;0;0;1
Q53LP3;1;0;1;0;1;0
Q14318;1;0;1;0;1;1
O43815;1;0;1;0;1;0
Q8NI22;1;0;1;0;1;0
Q96DB5;1;0;1;0;1;0
P08519;1;0;1;0;1;1
O00339;1;0;1;0;1;1
Q9H3H3;1;0;1;0;1;1
A8TX70;1;0;1;0;1;1
Q96EV2;1;0;1;0;1;1
O15160;1;0;1;0;1;1
O95758;1;0;1;1;0;1
Q7Z3Y8;1;0;1;1;0;0
Q14839;1;0;1;1;0;0
P36915;1;0;1;1;0;0
O95747;1;0;1;1;0;0
P33240;1;0;1;1;0;0
Q9UEU0;1;0;1;1;0;0
Q6P1K2;1;0;1;1;0;0
P42330;1;0;1;1;0;1
Q96QK1;1;0;1;1;0;1
P04179;1;0;1;1;0;1
Q6GMV3;1;0;1;1;0;1
Q13884;1;0;1;1;0;1
Q96A33;1;0;1;1;0;1
Q9UBW8;1;0;1;1;0;1
Q9Y6K5;1;0;1;1;0;1
O00232;1;0;1;1;0;1
P41208;1;0;1;1;0;1
P20340;1;0;1;1;0;1
O95684;1;0;1;1;0;1
P00167;1;0;1;1;0;1
P06730;1;0;1;1;0;1
Q9NQ92;1;0;1;1;0;1
Q9NSE4;1;0;1;1;0;1
P10720;1;0;1;1;0;1
Q14767;1;0;1;1;1;1
Q96CW1;1;0;1;1;1;1
P53803;1;0;1;1;1;1
Q71DI3;1;0;1;1;1;1
P00739;1;0;1;1;1;1
P35442;1;0;1;1;1;1
Q7L576;1;0;1;1;1;1
P13928;1;0;1;1;1;1
O00204;1;0;1;1;1;1
O60884;1;0;1;1;1;1
O76003;1;0;1;1;1;1
Q92747;1;0;1;1;1;1
P63173;1;0;1;1;1;1
O95372;1;0;1;1;1;1
Q9Y3C6;1;0;1;1;1;1
Q9Y4K4;1;0;1;1;1;1
Q9Y5K6;1;0;1;1;1;1
Q8N129;1;0;1;1;1;1
Q9NR99;1;1;0;0;0;0
Q53SF7;1;1;0;0;1;1
Q96EI5;1;1;0;0;1;1
P49593;1;1;0;0;1;1
O75351;1;1;0;0;1;1
Q9Y3B4;1;1;0;1;0;1
P37198;1;1;0;1;0;1
Q5JTB6;1;1;0;1;1;1
Q9H3S7;1;1;1;0;0;1
Q96SM3;1;1;1;0;0;1
Q9Y3E1;1;1;1;0;1;1
P13942;1;1;1;1;0;0
P35754;1;1;1;1;0;1
O95139;1;1;1;1;1;1
Q9Y333;1;1;1;1;1;1
Q01546;1;1;1;0;0;0
O94888;1;1;1;0;1;1
Q8TAC1;1;1;1;1;0;0
P13807;1;1;1;1;0;1
P10276;1;1;1;1;0;0
P78527;1;1;1;1;0;1
P68400;1;1;1;1;0;1
Q7LG56;1;1;1;1;0;1
Q99611;1;1;1;1;0;1
Q6N021;1;1;1;1;1;1
O00560;1;1;1;1;1;1
Q49A26;1;1;1;1;1;1
P07998;1;1;1;1;1;0
O14639;1;1;1;1;1;0
Q9NVV0;1;1;1;1;1;0
P13646;1;1;1;1;1;1
O75822;1;1;1;1;1;1
O75251;1;1;1;1;1;1
O14791;1;1;1;1;1;1
P21695;1;1;1;1;1;1
Q9NXG2;1;1;1;1;1;1
Q9NUL5;1;1;1;1;1;1
Q9BVA1;1;1;0;0;0;0
P35241;1;1;0;0;0;0
A0A0C4DH25;1;1;0;0;0;0
O75832;1;1;0;0;0;0
P84157;1;1;0;0;0;0
Q96B49;1;1;0;0;0;0
O75380;1;1;0;0;0;0
Q15059;1;1;0;0;0;0
O14732;1;1;0;0;0;0
Q92905;1;1;0;0;0;0
O14683;1;1;0;0;0;0
Q9NQT4;1;1;0;0;0;0
Q15642;1;1;0;0;0;0
P0C0L4;1;1;0;0;0;1
Q9NP81;1;1;0;0;0;1
P15144;1;1;0;0;0;1
Q9H098;1;1;0;0;0;1
Q9Y266;1;1;0;0;0;1
O43681;1;1;0;0;0;1
O76021;1;1;0;0;0;1
P43307;1;1;0;0;0;1
Q86XP3;1;1;0;0;0;1
Q13613;1;1;0;0;0;1
Q9NPL8;1;1;0;0;0;1
Q15437;1;1;0;0;0;1
Q9Y6I3;1;1;0;0;0;1
Q15257;1;1;0;0;0;1
O00483;1;1;0;0;0;1
Q2TAA2;1;1;0;0;0;1
Q567U6;1;1;0;0;0;1
Q9UHX3;1;1;0;0;0;1
Q12846;1;1;0;0;0;1
Q92629;1;1;0;0;1;0
Q13523;1;1;0;0;1;1
Q13332;1;1;0;0;1;0
Q01433;1;1;0;0;1;0
Q6ZVM7;1;1;0;0;1;1
P37108;1;1;0;0;1;1
P35080;1;1;0;0;1;1
Q6NXS1;1;1;0;0;1;1
Q92614;1;1;0;0;1;1
Q96FV2;1;1;0;0;1;1
Q9P270;1;1;0;0;1;1
P63096;1;1;0;0;1;1
O15247;1;1;0;0;1;1
P52630;1;1;0;0;1;1
Q9NVP1;1;1;0;0;1;1
Q6I9Y2;1;1;0;0;1;1
Q9BQS8;1;1;0;1;0;0
P47224;1;1;0;1;0;0
P37840;1;1;0;1;0;0
A5YM69;1;1;0;1;0;1
P45985;1;1;0;1;1;1
P08237;1;1;0;1;1;0
Q9H0D6;1;1;0;1;1;0
P01780;1;1;0;1;1;1
P10636;1;1;0;1;0;0
Q8N3F0;1;1;0;1;0;0
B9A064;1;1;0;1;0;1
Q92954;1;1;0;1;0;1
Q7Z3Y9;1;1;0;1;0;1
Q10567;1;1;0;1;0;1
P59665;1;1;0;1;0;1
Q14444;1;1;0;1;0;1
Q5T1M5;1;1;0;1;0;1
Q86UX2;1;1;0;1;0;1
Q07866;1;1;0;1;0;1
P40222;1;1;0;1;0;1
Q96B97;1;1;0;1;0;1
P15170;1;1;0;1;0;1
P09012;1;1;0;1;0;1
Q9NZU5;1;1;0;1;0;1
P06331;1;1;0;1;0;1
Q9BZF9;1;1;0;1;0;1
P50897;1;1;0;1;0;1
Q8TER0;1;1;0;1;0;1
Q9Y2U8;1;1;0;1;0;1
P63313;1;1;0;1;0;1
P11310;1;1;0;1;0;1
Q92804;1;1;0;1;0;1
Q9BY77;1;1;0;1;0;1
Q9Y2W2;1;1;0;1;0;1
P11182;1;1;0;1;0;1
P16284;1;1;0;1;0;1
Q9Y3F4;1;1;0;1;0;1
P50453;1;1;0;1;0;1
P56211;1;1;0;1;0;1
Q13049;1;1;0;1;0;1
Q9P2T1;1;1;0;1;0;1
P84095;1;1;0;1;0;1
Q14BN4;1;1;0;1;0;1
Q9BRA2;1;1;0;1;0;1
Q9NXV6;1;1;0;1;0;1
P56556;1;1;0;1;0;1
O75223;1;1;0;1;0;1
P36954;1;1;0;1;0;1
Q3LXA3;1;1;0;1;1;0
P17612;1;1;0;1;1;0
A0A0C4DH55;1;1;0;1;1;1
Q9Y265;1;1;0;1;1;1
P62979;1;1;0;1;1;0
P21266;1;1;0;1;1;0
P01116;1;1;0;1;1;0
P28065;1;1;0;1;1;0
P55081;1;1;0;1;1;0
P43155;1;1;0;1;1;0
Q8N3V7;1;1;0;1;1;0
Q9Y5Y2;1;1;0;1;1;0
Q14515;1;1;0;1;1;0
Q9NRY2;1;1;0;1;1;0
O95881;1;1;0;1;1;1
Q7Z3Y7;1;1;0;1;1;1
O75367;1;1;0;1;1;1
Q9P0V9;1;1;0;1;1;1
Q92743;1;1;0;1;1;1
Q9BXX0;1;1;0;1;1;1
Q14116;1;1;0;1;1;1
Q9NY33;1;1;0;1;1;1
Q13425;1;1;0;1;1;1
O75112;1;1;0;1;1;1
O75934;1;1;0;1;1;1
Q9P2B2;1;1;0;1;1;1
Q15370;1;1;0;1;1;1
P30533;1;1;0;1;1;1
O95715;1;1;0;1;1;1
P60983;1;1;0;1;1;1
P16035;1;1;0;1;1;1
Q6WCQ1;1;1;0;1;1;1
P63151;1;1;0;1;1;1
Q15555;1;1;0;1;1;1
Q13683;1;1;0;1;1;1
Q9UIL1;1;1;0;1;1;1
Q96F85;1;1;0;1;1;1
A0A0C4DH38;1;1;0;1;1;1
O14618;1;1;0;1;1;1
Q9UH99;1;1;0;1;1;1
Q99757;1;1;0;1;1;1
Q15651;1;1;0;1;1;1
Q9Y4P8;1;1;0;1;1;1
Q9BZE9;1;1;0;1;1;1
Q2TAY7;1;1;0;1;1;1
P49908;1;1;0;1;1;1
Q86U28;1;1;0;1;1;1
O15126;1;1;0;1;1;1
Q9BUH6;1;1;0;1;1;1
Q9NUV9;1;1;0;1;1;1
Q66K79;1;1;0;1;1;1
P02686;1;1;0;1;1;1
Q9H492;1;1;0;1;1;1
O15258;1;1;0;1;1;1
Q9Y3C1;1;1;0;1;1;1
Q7Z4H3;1;1;0;1;1;1
Q9UHX1;1;1;0;1;1;1
P09417;1;1;0;1;1;1
Q9UBC2;1;1;1;0;0;0
P06756;1;1;1;0;0;1
P49755;1;1;1;0;0;1
O75381;1;1;1;0;0;1
Q86V48;1;1;1;0;0;1
O00585;1;1;1;0;0;1
P30419;1;1;1;0;1;1
P07099;1;1;1;1;0;1
Q9NR56;1;1;1;1;1;1
Q7Z5L9;1;1;1;1;1;1
Q7Z434;1;1;1;1;0;0
A0FGR8;1;1;1;1;0;0
Q9Y3X0;1;1;1;1;0;0
O43719;1;1;1;1;0;1
Q9P2R7;1;1;1;1;0;1
Q9BZL4;1;1;1;1;0;1
Q86VS8;1;1;1;1;0;1
Q9NYJ1;1;1;1;1;0;1
Q6FI81;1;1;1;1;0;1
O76076;1;1;1;1;1;1
O14949;1;1;1;1;1;1
Q96D46;1;1;1;1;1;1
P12035;1;1;1;1;1;0
Q4V328;1;1;1;1;1;0
P05156;1;1;1;1;1;0
P19013;1;1;1;1;1;1
Q63ZY3;1;1;1;1;1;1
P09429;1;1;1;1;1;1
P28799;1;1;1;1;1;1
Q9H3Q1;1;1;1;1;1;1
Q15323;1;1;1;1;1;1
Q9NQR4;1;1;1;1;1;1
P05546;1;1;1;1;1;1
Q9H4G4;1;1;1;1;1;1
P43308;1;1;1;1;1;1
O14737;1;1;1;1;1;1
Q7Z6K5;1;1;1;1;1;1
Q08257;1;1;1;1;1;1
O15075;1;1;1;1;1;1
P09543;1;1;1;1;1;1
Q08380;1;1;1;1;1;1
Q9UPY8;1;1;1;1;1;1
Q9Y241;1;1;1;1;1;1
P48506;1;1;1;1;1;1
P11279;1;1;1;1;1;1
P51397;1;1;1;1;1;1
Q9NPA0;1;1;1;1;1;1
O43670;1;1;1;1;1;1
Q9NPA8;1;1;1;1;1;1
P01599;1;1;1;0;0;0
O15540;1;1;1;0;0;0
P51149;1;1;1;0;0;0
Q04864;1;1;1;0;0;0
P16219;1;1;1;0;0;0
Q53QV2;1;1;1;0;0;0
P62072;1;1;1;0;0;0
P54105;1;1;1;0;0;0
P53007;1;1;1;0;0;0
P12694;1;1;1;0;0;0
Q6UXB1;1;1;1;0;0;0
O94906;1;1;1;0;0;0
Q6QNY1;1;1;1;0;0;0
Q9HD42;1;1;1;0;0;0
P15954;1;1;1;0;0;0
O75069;1;1;1;0;0;0
Q9H3P2;1;1;1;0;0;0
Q92973;1;1;1;0;0;1
P35813;1;1;1;0;0;1
Q93009;1;1;1;0;0;1
P48668;1;1;1;0;0;1
P68133;1;1;1;0;0;1
P42224;1;1;1;0;0;1
Q7Z422;1;1;1;0;0;1
Q96EP5;1;1;1;0;0;1
P40763;1;1;1;0;0;1
O60927;1;1;1;0;0;1
Q9BRX8;1;1;1;0;0;1
Q9Y281;1;1;1;0;0;1
P61019;1;1;1;0;0;1
Q9H2D6;1;1;1;0;0;1
Q9H307;1;1;1;0;0;1
P19784;1;1;1;0;0;1
Q9NQG5;1;1;1;0;0;1
P48059;1;1;1;0;0;1
P61457;1;1;1;0;0;1
P09601;1;1;1;0;0;1
A6ND36;1;1;1;0;0;1
P43405;1;1;1;0;0;1
Q6NXT1;1;1;1;0;0;1
P60059;1;1;1;0;0;1
Q68EM7;1;1;1;0;0;1
Q9Y3A5;1;1;1;0;0;1
Q6NW29;1;1;1;0;0;1
Q16531;1;1;1;0;1;1
Q9H2C0;1;1;1;0;1;1
P48147;1;1;1;0;1;1
Q8N4C8;1;1;1;0;1;1
Q52LJ0;1;1;1;0;1;1
Q9NP79;1;1;1;0;1;1
Q9UNN8;1;1;1;0;1;1
Q8WTS1;1;1;1;0;1;1
P01903;1;1;1;0;1;0
Q9BVC4;1;1;1;0;1;0
P14209;1;1;1;0;1;0
Q9BT09;1;1;1;0;1;0
Q04917;1;1;1;0;1;1
P69891;1;1;1;0;1;1
Q13310;1;1;1;0;1;1
Q14498;1;1;1;0;1;1
P32455;1;1;1;0;1;1
P62995;1;1;1;0;1;1
Q0ZGT2;1;1;1;0;1;1
P05023;1;1;1;0;1;1
Q9BPX5;1;1;1;0;1;1
O60610;1;1;1;0;1;1
Q9Y262;1;1;1;0;1;1
Q96K17;1;1;1;0;1;1
P35612;1;1;1;0;1;1
Q8NFU3;1;1;1;0;1;1
P50895;1;1;1;0;1;1
P23786;1;1;1;0;1;1
P46459;1;1;1;0;1;1
P29466;1;1;1;0;1;1
Q9H2W6;1;1;1;0;1;1
P19623;1;1;1;0;1;1
Q86X55;1;1;1;0;1;1
Q5T5P2;1;1;1;0;1;1
P48556;1;1;1;0;1;1
B2RUZ4;1;1;1;0;1;1
Q15599;1;1;1;0;1;1
Q16134;1;1;1;0;1;1
P41227;1;1;1;0;1;1
Q15427;1;1;1;0;1;1
Q9NV70;1;1;1;0;1;1
Q06124;1;1;1;1;0;0
Q02487;1;1;1;1;0;1
P43304;1;1;1;1;0;1
O94776;1;1;1;1;0;1
Q8IYI6;1;1;1;1;0;1
P00492;1;1;1;1;0;1
P34913;1;1;1;1;0;1
Q9UL46;1;1;1;1;1;1
Q6PKG0;1;1;1;1;1;1
P22102;1;1;1;1;1;1
O95479;1;1;1;1;1;1
A0A0B4J1U3;1;1;1;1;1;0
A0M8Q6;1;1;1;1;1;1
P13671;1;1;1;1;1;1
P51570;1;1;1;1;1;1
Q9UL25;1;1;1;1;1;1
P35637;1;1;1;1;1;1
Q92882;1;1;1;1;1;1
Q9NWB6;1;1;1;1;1;1
P60228;1;1;1;1;1;1
Q14554;1;1;1;1;1;1
P36873;1;1;1;1;0;0
A0A0A0MT36;1;1;1;1;0;0
Q14258;1;1;1;1;0;0
Q9BZV1;1;1;1;1;0;0
Q9BXV9;1;1;1;1;0;0
Q13126;1;1;1;1;0;0
O75635;1;1;1;1;0;0
P21246;1;1;1;1;0;0
Q7LBC6;1;1;1;1;0;0
Q9H3P7;1;1;1;1;0;0
O95749;1;1;1;1;0;0
Q13576;1;1;1;1;0;0
Q14241;1;1;1;1;0;0
P25205;1;1;1;1;0;0
Q9Y6R7;1;1;1;1;0;0
P03952;1;1;1;1;0;1
P53990;1;1;1;1;0;1
Q9NYF8;1;1;1;1;0;1
P25940;1;1;1;1;0;1
P48729;1;1;1;1;0;1
O14950;1;1;1;1;0;1
Q13162;1;1;1;1;0;1
Q03001;1;1;1;1;0;1
P53621;1;1;1;1;0;1
P07814;1;1;1;1;0;1
Q04323;1;1;1;1;0;1
P25787;1;1;1;1;0;1
Q96I24;1;1;1;1;0;1
P0DJI8;1;1;1;1;0;1
O00567;1;1;1;1;0;1
Q53GG5;1;1;1;1;0;1
O94826;1;1;1;1;0;1
P14324;1;1;1;1;0;1
Q86UX7;1;1;1;1;0;1
Q8TD16;1;1;1;1;0;1
P78347;1;1;1;1;0;1
Q8NE71;1;1;1;1;0;1
Q9HC35;1;1;1;1;0;1
Q5VT79;1;1;1;1;0;1
O95359;1;1;1;1;0;1
Q9BRP8;1;1;1;1;0;1
P49821;1;1;1;1;0;1
P12236;1;1;1;1;0;1
Q08495;1;1;1;1;0;1
P13674;1;1;1;1;0;1
P07360;1;1;1;1;0;1
P34932;1;1;1;1;0;1
Q13765;1;1;1;1;0;1
Q8WVM8;1;1;1;1;0;1
Q9P0L0;1;1;1;1;0;1
Q9H2G2;1;1;1;1;0;1
P27361;1;1;1;1;0;1
Q99613;1;1;1;1;0;1
P35237;1;1;1;1;0;1
O43290;1;1;1;1;0;1
P55265;1;1;1;1;0;1
P30519;1;1;1;1;0;1
Q9Y4L1;1;1;1;1;0;1
P55008;1;1;1;1;0;1
P12955;1;1;1;1;0;1
Q15393;1;1;1;1;0;1
P27694;1;1;1;1;0;1
P61106;1;1;1;1;0;1
Q13596;1;1;1;1;0;1
P61204;1;1;1;1;0;1
Q8N684;1;1;1;1;0;1
P54709;1;1;1;1;0;1
Q9UNF0;1;1;1;1;0;1
O95292;1;1;1;1;0;1
P63208;1;1;1;1;0;1
Q14683;1;1;1;1;0;1
Q8WWM7;1;1;1;1;0;1
Q15006;1;1;1;1;0;1
Q13363;1;1;1;1;0;1
O43633;1;1;1;1;0;1
O95631;1;1;1;1;0;1
O14776;1;1;1;1;0;1
Q16401;1;1;1;1;0;1
P35269;1;1;1;1;0;1
Q86VB7;1;1;1;1;0;1
Q9UHV9;1;1;1;1;0;1
Q92575;1;1;1;1;0;1
Q7Z7H5;1;1;1;1;0;1
P04440;1;1;1;1;0;1
Q9BXP5;1;1;1;1;0;1
P42704;1;1;1;1;0;1
O75643;1;1;1;1;0;1
Q9HAB8;1;1;1;1;0;1
O75947;1;1;1;1;0;1
Q9H3U1;1;1;1;1;0;1
P06132;1;1;1;1;0;1
Q96M27;1;1;1;1;0;1
Q13451;1;1;1;1;0;1
P52888;1;1;1;1;0;1
Q15428;1;1;1;1;0;1
P50479;1;1;1;1;0;1
Q12931;1;1;1;1;0;1
Q9Y6E2;1;1;1;1;0;1
P18583;1;1;1;1;0;1
Q08945;1;1;1;1;0;1
Q5T0Z8;1;1;1;1;0;1
P51665;1;1;1;1;0;1
P50135;1;1;1;1;0;1
Q9BW04;1;1;1;1;0;1
Q01581;1;1;1;1;0;1
O00418;1;1;1;1;0;1
P45954;1;1;1;1;0;1
Q96CP2;1;1;1;1;0;1
O76070;1;1;1;1;0;1
Q92626;1;1;1;1;0;1
Q13131;1;1;1;1;0;1
O75608;1;1;1;1;0;1
P42229;1;1;1;1;0;1
Q14566;1;1;1;1;0;1
O43464;1;1;1;1;0;1
O95777;1;1;1;1;0;1
Q0VGL1;1;1;1;1;0;1
Q9GZP8;1;1;1;1;0;1
Q00013;1;1;1;1;0;1
Q99538;1;1;1;1;0;1
P61513;1;1;1;1;0;1
P17252;1;1;1;1;0;1
P42785;1;1;1;1;0;1
A0A0C4DH36;1;1;1;1;0;1
Q96PE7;1;1;1;1;0;1
Q9GZZ1;1;1;1;1;0;1
O95819;1;1;1;1;0;1
Q86Y82;1;1;1;1;0;1
O00244;1;1;1;1;0;1
O75964;1;1;1;1;0;1
Q9NZD8;1;1;1;1;0;1
Q13144;1;1;1;1;0;1
Q92947;1;1;1;1;0;1
O60613;1;1;1;1;0;1
Q8NEY4;1;1;1;1;0;1
P41252;1;1;1;1;0;1
Q13445;1;1;1;1;0;1
P63272;1;1;1;1;0;1
Q16595;1;1;1;1;0;1
Q92900;1;1;1;1;0;1
Q9UBQ5;1;1;1;1;0;1
Q99523;1;1;1;1;0;1
Q9Y570;1;1;1;1;0;1
P49913;1;1;1;1;0;1
Q96QG7;1;1;1;1;0;1
Q9H2S5;1;1;1;1;0;1
Q92620;1;1;1;1;0;1
Q96GW7;1;1;1;1;0;1
P22830;1;1;1;1;1;0
Q8IVF4;1;1;1;1;1;1
Q08397;1;1;1;1;1;1
O43824;1;1;1;1;1;1
P36542;1;1;1;1;1;1
P54578;1;1;1;1;1;1
A0A0C4DH32;1;1;1;1;1;1
P14868;1;1;1;1;1;1
Q9Y5B9;1;1;1;1;1;1
P11233;1;1;1;1;1;1
P10155;1;1;1;1;1;1
P21964;1;1;1;1;1;1
Q9Y4K1;1;1;1;1;1;1
Q15459;1;1;1;1;1;1
P78344;1;1;1;1;1;1
Q96QA5;1;1;1;1;1;1
P17858;1;1;1;1;1;1
P55263;1;1;1;1;1;1
O43143;1;1;1;1;1;1
P27338;1;1;1;1;1;1
Q9Y520;1;1;1;1;1;1
Q08378;1;1;1;1;1;1
P51610;1;1;1;1;1;1
P43034;1;1;1;1;1;1
Q8WU90;1;1;1;1;1;1
O75116;1;1;1;1;1;1
Q9Y4Y9;1;1;1;1;1;1
O00217;1;1;1;1;1;1
Q9H9B4;1;1;1;1;1;1
P23141;1;1;1;1;1;1
Q9Y2S2;1;1;1;1;1;1
P05362;1;1;1;1;1;1
P49589;1;1;1;1;1;1
A0A0B4J2D5;1;1;1;1;1;1
P55060;1;1;1;1;1;1
P08514;1;1;1;1;1;1
Q00169;1;1;1;1;1;1
O14896;1;1;1;1;1;1
Q96DG6;1;1;1;1;1;1
P38159;1;1;1;1;1;0
P30613;1;1;1;1;1;0
P22059;1;1;1;1;1;0
P40925;1;1;1;1;1;0
Q07021;1;1;1;1;1;0
Q9BUL8;1;1;1;1;1;0
P24666;1;1;1;1;1;0
P61086;1;1;1;1;1;0
Q6IBS0;1;1;1;1;1;0
Q16576;1;1;1;1;1;0
P62714;1;1;1;1;1;0
P15927;1;1;1;1;1;0
Q9Y608;1;1;1;1;1;0
O14558;1;1;1;1;1;0
O95445;1;1;1;1;1;0
O00187;1;1;1;1;1;0
Q9BV40;1;1;1;1;1;0
A0A0B4J1V0;1;1;1;1;1;1
P50570;1;1;1;1;1;1
Q7L014;1;1;1;1;1;1
P56537;1;1;1;1;1;1
Q96AC1;1;1;1;1;1;1
P52294;1;1;1;1;1;1
Q9NP97;1;1;1;1;1;1
P12111;1;1;1;1;1;1
P13645;1;1;1;1;1;1
P02768;1;1;1;1;1;1
P04264;1;1;1;1;1;1
P15924;1;1;1;1;1;1
P35908;1;1;1;1;1;1
P02533;1;1;1;1;1;1
P35527;1;1;1;1;1;1
P13647;1;1;1;1;1;1
P08779;1;1;1;1;1;1
P60709;1;1;1;1;1;1
P20930;1;1;1;1;1;1
P02538;1;1;1;1;1;1
P63261;1;1;1;1;1;1
P04259;1;1;1;1;1;1
P08670;1;1;1;1;1;1
Q15149;1;1;1;1;1;1
P62736;1;1;1;1;1;1
P02671;1;1;1;1;1;1
P63267;1;1;1;1;1;1
P68871;1;1;1;1;1;1
P21333;1;1;1;1;1;1
P02452;1;1;1;1;1;1
P68032;1;1;1;1;1;1
Q04695;1;1;1;1;1;1
P02675;1;1;1;1;1;1
P01024;1;1;1;1;1;1
P12109;1;1;1;1;1;1
P22105;1;1;1;1;1;1
P69905;1;1;1;1;1;1
P07585;1;1;1;1;1;1
P12110;1;1;1;1;1;1
P02751;1;1;1;1;1;1
P58107;1;1;1;1;1;1
P35579;1;1;1;1;1;1
P06396;1;1;1;1;1;1
P02787;1;1;1;1;1;1
Q13813;1;1;1;1;1;1
P98160;1;1;1;1;1;1
P02545;1;1;1;1;1;1
P08123;1;1;1;1;1;1
P35749;1;1;1;1;1;1
P07355;1;1;1;1;1;1
P51884;1;1;1;1;1;1
P02042;1;1;1;1;1;1
P0C0L5;1;1;1;1;1;1
P51888;1;1;1;1;1;1
Q99715;1;1;1;1;1;1
P14923;1;1;1;1;1;1
P17661;1;1;1;1;1;1
P68366;1;1;1;1;1;1
P02647;1;1;1;1;1;1
O60437;1;1;1;1;1;1
P24821;1;1;1;1;1;1
Q9Y490;1;1;1;1;1;1
P0DMV9;1;1;1;1;1;1
P00738;1;1;1;1;1;1
O43707;1;1;1;1;1;1
Q01082;1;1;1;1;1;1
O75369;1;1;1;1;1;1
P21810;1;1;1;1;1;1
O95678;1;1;1;1;1;1
P01023;1;1;1;1;1;1
P31947;1;1;1;1;1;1
Q13835;1;1;1;1;1;1
P14618;1;1;1;1;1;1
P00450;1;1;1;1;1;1
Q5D862;1;1;1;1;1;1
Q09666;1;1;1;1;1;1
Q02388;1;1;1;1;1;1
P07437;1;1;1;1;1;1
P02679;1;1;1;1;1;1
P68371;1;1;1;1;1;1
P05787;1;1;1;1;1;1
P11277;1;1;1;1;1;1
P11142;1;1;1;1;1;1
P18206;1;1;1;1;1;1
Q15063;1;1;1;1;1;1
P04406;1;1;1;1;1;1
P01876;1;1;1;1;1;1
Q7Z794;1;1;1;1;1;1
P08729;1;1;1;1;1;1
P02549;1;1;1;1;1;1
Q92817;1;1;1;1;1;1
Q13885;1;1;1;1;1;1
P0CG38;1;1;1;1;1;1
Q05682;1;1;1;1;1;1
P55072;1;1;1;1;1;1
Q05707;1;1;1;1;1;1
P26038;1;1;1;1;1;1
P12814;1;1;1;1;1;1
P02743;1;1;1;1;1;1
P47929;1;1;1;1;1;1
P19012;1;1;1;1;1;1
Q5XKE5;1;1;1;1;1;1
Q01995;1;1;1;1;1;1
P01857;1;1;1;1;1;1
P04040;1;1;1;1;1;1
P02790;1;1;1;1;1;1
P11047;1;1;1;1;1;1
P25705;1;1;1;1;1;1
Q15582;1;1;1;1;1;1
P84243;1;1;1;1;1;1
Q02413;1;1;1;1;1;1
Q562R1;1;1;1;1;1;1
P01859;1;1;1;1;1;1
P68104;1;1;1;1;1;1
P20774;1;1;1;1;1;1
P06733;1;1;1;1;1;1
P08727;1;1;1;1;1;1
P08758;1;1;1;1;1;1
Q14624;1;1;1;1;1;1
Q08554;1;1;1;1;1;1
Q9NZN4;1;1;1;1;1;1
P04792;1;1;1;1;1;1
P30101;1;1;1;1;1;1
P01834;1;1;1;1;1;1
P68431;1;1;1;1;1;1
P04075;1;1;1;1;1;1
P13639;1;1;1;1;1;1
P49747;1;1;1;1;1;1
Q14134;1;1;1;1;1;1
Q01469;1;1;1;1;1;1
Q6NZI2;1;1;1;1;1;1
P06576;1;1;1;1;1;1
P54652;1;1;1;1;1;1
P63104;1;1;1;1;1;1
P01861;1;1;1;1;1;1
Q7Z406;1;1;1;1;1;1
P62937;1;1;1;1;1;1
P08238;1;1;1;1;1;1
P61978;1;1;1;1;1;1
P09493;1;1;1;1;1;1
P15311;1;1;1;1;1;1
Q6UWP8;1;1;1;1;1;1
P24844;1;1;1;1;1;1
P00734;1;1;1;1;1;1
P07951;1;1;1;1;1;1
P07900;1;1;1;1;1;1
P22626;1;1;1;1;1;1
O15061;1;1;1;1;1;1
P46940;1;1;1;1;1;1
P14543;1;1;1;1;1;1
P04114;1;1;1;1;1;1
P00751;1;1;1;1;1;1
P10909;1;1;1;1;1;1
P01011;1;1;1;1;1;1
P01860;1;1;1;1;1;1
P22314;1;1;1;1;1;1
Q8IUX7;1;1;1;1;1;1
Q9C0C2;1;1;1;1;1;1
Q14204;1;1;1;1;1;1
P08603;1;1;1;1;1;1
Q15661;1;1;1;1;1;1
Q14315;1;1;1;1;1;1
Q16777;1;1;1;1;1;1
Q9HBL0;1;1;1;1;1;1
Q16555;1;1;1;1;1;1
P11021;1;1;1;1;1;1
P10412;1;1;1;1;1;1
P00915;1;1;1;1;1;1
Q07507;1;1;1;1;1;1
P60174;1;1;1;1;1;1
P62805;1;1;1;1;1;1
Q9BUF5;1;1;1;1;1;1
P14625;1;1;1;1;1;1
P02765;1;1;1;1;1;1
Q8N1N4;1;1;1;1;1;1
P16157;1;1;1;1;1;1
P20908;1;1;1;1;1;1
P30041;1;1;1;1;1;1
Q14574;1;1;1;1;1;1
P09382;1;1;1;1;1;1
P35580;1;1;1;1;1;1
P67936;1;1;1;1;1;1
P04004;1;1;1;1;1;1
P04217;1;1;1;1;1;1
P55268;1;1;1;1;1;1
Q00610;1;1;1;1;1;1
Q16778;1;1;1;1;1;1
P37802;1;1;1;1;1;1
P61981;1;1;1;1;1;1
Q14980;1;1;1;1;1;1
Q93077;1;1;1;1;1;1
P31946;1;1;1;1;1;1
Q14247;1;1;1;1;1;1
P51911;1;1;1;1;1;1
O15020;1;1;1;1;1;1
P01008;1;1;1;1;1;1
Q00839;1;1;1;1;1;1
P00747;1;1;1;1;1;1
P00918;1;1;1;1;1;1
Q9BX66;1;1;1;1;1;1
Q14764;1;1;1;1;1;1
P06753;1;1;1;1;1;1
P23946;1;1;1;1;1;1
P08133;1;1;1;1;1;1
Q8WVV4;1;1;1;1;1;1
P26599;1;1;1;1;1;1
P08294;1;1;1;1;1;1
O60814;1;1;1;1;1;1
P78371;1;1;1;1;1;1
P04083;1;1;1;1;1;1
P38646;1;1;1;1;1;1
P01871;1;1;1;1;1;1
Q8IVF2;1;1;1;1;1;1
P02461;1;1;1;1;1;1
O60240;1;1;1;1;1;1
P51991;1;1;1;1;1;1
Q15019;1;1;1;1;1;1
P55083;1;1;1;1;1;1
P50395;1;1;1;1;1;1
Q6E0U4;1;1;1;1;1;1
P13611;1;1;1;1;1;1
P39060;1;1;1;1;1;1
P02649;1;1;1;1;1;1
P07305;1;1;1;1;1;1
P18669;1;1;1;1;1;1
P15088;1;1;1;1;1;1
P67809;1;1;1;1;1;1
Q15233;1;1;1;1;1;1
P00367;1;1;1;1;1;1
P01877;1;1;1;1;1;1
Q9NQC3;1;1;1;1;1;1
Q03252;1;1;1;1;1;1
P00558;1;1;1;1;1;1
P02763;1;1;1;1;1;1
Q86YZ3;1;1;1;1;1;1
P12277;1;1;1;1;1;1
P35222;1;1;1;1;1;1
P62258;1;1;1;1;1;1
Q86Y46;1;1;1;1;1;1
P52272;1;1;1;1;1;1
P29401;1;1;1;1;1;1
O75339;1;1;1;1;1;1
P09972;1;1;1;1;1;1
P09651;1;1;1;1;1;1
Q9Y446;1;1;1;1;1;1
P30043;1;1;1;1;1;1
P23246;1;1;1;1;1;1
P19827;1;1;1;1;1;1
P07384;1;1;1;1;1;1
Q7KZF4;1;1;1;1;1;1
P32119;1;1;1;1;1;1
P31943;1;1;1;1;1;1
Q14847;1;1;1;1;1;1
Q14697;1;1;1;1;1;1
Q8WUM4;1;1;1;1;1;1
P19338;1;1;1;1;1;1
P09211;1;1;1;1;1;1
P13489;1;1;1;1;1;1
P20700;1;1;1;1;1;1
P05997;1;1;1;1;1;1
P45974;1;1;1;1;1;1
P13797;1;1;1;1;1;1
P01009;1;1;1;1;1;1
P12956;1;1;1;1;1;1
Q9UHD8;1;1;1;1;1;1
O00159;1;1;1;1;1;1
P11216;1;1;1;1;1;1
P01619;1;1;1;1;1;1
P36578;1;1;1;1;1;1
O00571;1;1;1;1;1;1
Q92841;1;1;1;1;1;1
P31944;1;1;1;1;1;1
P61626;1;1;1;1;1;1
P02730;1;1;1;1;1;1
P00488;1;1;1;1;1;1
P52597;1;1;1;1;1;1
Q9Y6C2;1;1;1;1;1;1
Q16181;1;1;1;1;1;1
P02766;1;1;1;1;1;1
P98095;1;1;1;1;1;1
P30086;1;1;1;1;1;1
P04433;1;1;1;1;1;1
P07737;1;1;1;1;1;1
P19823;1;1;1;1;1;1
Q9NQ38;1;1;1;1;1;1
P07996;1;1;1;1;1;1
P02749;1;1;1;1;1;1
O60716;1;1;1;1;1;1
P07237;1;1;1;1;1;1
Q92945;1;1;1;1;1;1
P49327;1;1;1;1;1;1
P23528;1;1;1;1;1;1
Q14195;1;1;1;1;1;1
P01031;1;1;1;1;1;1
P0DP25;1;1;1;1;1;1
P10809;1;1;1;1;1;1
Q07954;1;1;1;1;1;1
P06727;1;1;1;1;1;1
P27482;1;1;1;1;1;1
Q9NZT1;1;1;1;1;1;1
P02774;1;1;1;1;1;1
P49368;1;1;1;1;1;1
Q14152;1;1;1;1;1;1
P62701;1;1;1;1;1;1
P08311;1;1;1;1;1;1
P47756;1;1;1;1;1;1
P05091;1;1;1;1;1;1
P60842;1;1;1;1;1;1
P50454;1;1;1;1;1;1
O00515;1;1;1;1;1;1
P27816;1;1;1;1;1;1
P81605;1;1;1;1;1;1
P54819;1;1;1;1;1;1
Q9P2E9;1;1;1;1;1;1
P20810;1;1;1;1;1;1
P02748;1;1;1;1;1;1
P11940;1;1;1;1;1;1
P16989;1;1;1;1;1;1
Q14112;1;1;1;1;1;1
P60985;1;1;1;1;1;1
P16401;1;1;1;1;1;1
P04196;1;1;1;1;1;1
P61160;1;1;1;1;1;1
P08865;1;1;1;1;1;1
P62753;1;1;1;1;1;1
P17931;1;1;1;1;1;1
Q06828;1;1;1;1;1;1
Q14CN4;1;1;1;1;1;1
O75083;1;1;1;1;1;1
Q9UMS6;1;1;1;1;1;1
Q96AE4;1;1;1;1;1;1
P02760;1;1;1;1;1;1
P25311;1;1;1;1;1;1
P61158;1;1;1;1;1;1
P55084;1;1;1;1;1;1
P63241;1;1;1;1;1;1
O60664;1;1;1;1;1;1
P31930;1;1;1;1;1;1
P55795;1;1;1;1;1;1
Q6UWY5;1;1;1;1;1;1
Q15365;1;1;1;1;1;1
P27635;1;1;1;1;1;1
A6NMZ7;1;1;1;1;1;1
Q13228;1;1;1;1;1;1
P36955;1;1;1;1;1;1
Q16787;1;1;1;1;1;1
P60660;1;1;1;1;1;1
P04003;1;1;1;1;1;1
P46939;1;1;1;1;1;1
Q8WX93;1;1;1;1;1;1
P35221;1;1;1;1;1;1
Q9NRN5;1;1;1;1;1;1
A0A0B4J1X5;1;1;1;1;1;1
O00151;1;1;1;1;1;1
Q16363;1;1;1;1;1;1
P29692;1;1;1;1;1;1
O15230;1;1;1;1;1;1
P06703;1;1;1;1;1;1
Q96D15;1;1;1;1;1;1
P13796;1;1;1;1;1;1
P18124;1;1;1;1;1;1
P27348;1;1;1;1;1;1
P49411;1;1;1;1;1;1
P14866;1;1;1;1;1;1
Q9NR12;1;1;1;1;1;1
O43399;1;1;1;1;1;1
Q00341;1;1;1;1;1;1
P01624;1;1;1;1;1;1
Q07065;1;1;1;1;1;1
Q8NC51;1;1;1;1;1;1
P16070;1;1;1;1;1;1
P36957;1;1;1;1;1;1
Q93052;1;1;1;1;1;1
Q15084;1;1;1;1;1;1
P02511;1;1;1;1;1;1
P39023;1;1;1;1;1;1
Q5SSJ5;1;1;1;1;1;1
P23588;1;1;1;1;1;1
Q15746;1;1;1;1;1;1
P60903;1;1;1;1;1;1
P27695;1;1;1;1;1;1
Q9GZM7;1;1;1;1;1;1
P55290;1;1;1;1;1;1
O15144;1;1;1;1;1;1
P23142;1;1;1;1;1;1
P62987;1;1;1;1;1;1
P09525;1;1;1;1;1;1
Q08188;1;1;1;1;1;1
P26373;1;1;1;1;1;1
P26641;1;1;1;1;1;1
Q9Y4G6;1;1;1;1;1;1
P62873;1;1;1;1;1;1
O95171;1;1;1;1;1;1
P01042;1;1;1;1;1;1
P54727;1;1;1;1;1;1
P46821;1;1;1;1;1;1
P98179;1;1;1;1;1;1
P06454;1;1;1;1;1;1
P16152;1;1;1;1;1;1
Q07020;1;1;1;1;1;1
O43491;1;1;1;1;1;1
Q15691;1;1;1;1;1;1
P49189;1;1;1;1;1;1
Q2M2I5;1;1;1;1;1;1
Q1KMD3;1;1;1;1;1;1
P31150;1;1;1;1;1;1
O14773;1;1;1;1;1;1
Q6KB66;1;1;1;1;1;1
P17980;1;1;1;1;1;1
Q96KP4;1;1;1;1;1;1
Q06830;1;1;1;1;1;1
P40926;1;1;1;1;1;1
Q8WUF5;1;1;1;1;1;1
P35555;1;1;1;1;1;1
Q9UJU6;1;1;1;1;1;1
P19971;1;1;1;1;1;1
P01762;1;1;1;1;1;1
P12270;1;1;1;1;1;1
P06748;1;1;1;1;1;1
P61247;1;1;1;1;1;1
Q16658;1;1;1;1;1;1
P31942;1;1;1;1;1;1
Q969G5;1;1;1;1;1;1
P14174;1;1;1;1;1;1
P02753;1;1;1;1;1;1
P52907;1;1;1;1;1;1
Q13200;1;1;1;1;1;1
Q06033;1;1;1;1;1;1
P21281;1;1;1;1;1;1
P07919;1;1;1;1;1;1
Q9ULV4;1;1;1;1;1;1
Q9Y3Z3;1;1;1;1;1;1
P62269;1;1;1;1;1;1
P39019;1;1;1;1;1;1
P62241;1;1;1;1;1;1
P14550;1;1;1;1;1;1
P01772;1;1;1;1;1;1
O60504;1;1;1;1;1;1
P20674;1;1;1;1;1;1
P23229;1;1;1;1;1;1
Q96HC4;1;1;1;1;1;1
Q15517;1;1;1;1;1;1
P12532;1;1;1;1;1;1
P48643;1;1;1;1;1;1
Q96TA1;1;1;1;1;1;1
P06744;1;1;1;1;1;1
P62826;1;1;1;1;1;1
P62913;1;1;1;1;1;1
P17987;1;1;1;1;1;1
A0A0C4DH42;1;1;1;1;1;1
P01040;1;1;1;1;1;1
Q15113;1;1;1;1;1;1
P13010;1;1;1;1;1;1
Q9UQ80;1;1;1;1;1;1
O15371;1;1;1;1;1;1
P04275;1;1;1;1;1;1
Q96Q06;1;1;1;1;1;1
Q00577;1;1;1;1;1;1
P12830;1;1;1;1;1;1
A0A075B6P5;1;1;1;1;1;1
P36952;1;1;1;1;1;1
P62917;1;1;1;1;1;1
Q7RTS7;1;1;1;1;1;1
P23396;1;1;1;1;1;1
Q99798;1;1;1;1;1;1
P35443;1;1;1;1;1;1
P00338;1;1;1;1;1;1
Q96CX2;1;1;1;1;1;1
Q13151;1;1;1;1;1;1
Q13263;1;1;1;1;1;1
O60784;1;1;1;1;1;1
P26447;1;1;1;1;1;1
Q9UMD9;1;1;1;1;1;1
P27797;1;1;1;1;1;1
P50402;1;1;1;1;1;1
O60701;1;1;1;1;1;1
Q03591;1;1;1;1;1;1
P43243;1;1;1;1;1;1
Q9UBX5;1;1;1;1;1;1
P46777;1;1;1;1;1;1
P40121;1;1;1;1;1;1
P50552;1;1;1;1;1;1
O43175;1;1;1;1;1;1
Q02878;1;1;1;1;1;1
P32969;1;1;1;1;1;1
P00441;1;1;1;1;1;1
P00568;1;1;1;1;1;1
O15231;1;1;1;1;1;1
P40429;1;1;1;1;1;1
Q14203;1;1;1;1;1;1
O60506;1;1;1;1;1;1
P40227;1;1;1;1;1;1
P25398;1;1;1;1;1;1
P46108;1;1;1;1;1;1
O95810;1;1;1;1;1;1
P13716;1;1;1;1;1;1
Q9H1E3;1;1;1;1;1;1
Q99536;1;1;1;1;1;1
A0A0C4DH72;1;1;1;1;1;1
P63220;1;1;1;1;1;1
O75828;1;1;1;1;1;1
P04080;1;1;1;1;1;1
P22087;1;1;1;1;1;1
O75874;1;1;1;1;1;1
P19652;1;1;1;1;1;1
Q9H4M9;1;1;1;1;1;1
A0A0C4DH35;1;1;1;1;1;1
P01767;1;1;1;1;1;1
P00387;1;1;1;1;1;1
Q9C075;1;1;1;1;1;1
P61353;1;1;1;1;1;1
P00736;1;1;1;1;1;1
P25325;1;1;1;1;1;1
Q04637;1;1;1;1;1;1
P16144;1;1;1;1;1;1
P43686;1;1;1;1;1;1
P49748;1;1;1;1;1;1
Q13838;1;1;1;1;1;1
P55884;1;1;1;1;1;1
P17844;1;1;1;1;1;1
Q16643;1;1;1;1;1;1
Q86V81;1;1;1;1;1;1
P13861;1;1;1;1;1;1
Q99623;1;1;1;1;1;1
Q01518;1;1;1;1;1;1
P15090;1;1;1;1;1;1
P35611;1;1;1;1;1;1
Q15056;1;1;1;1;1;1
P54725;1;1;1;1;1;1
P30050;1;1;1;1;1;1
Q9NVA2;1;1;1;1;1;1
P48681;1;1;1;1;1;1
P62942;1;1;1;1;1;1
Q12805;1;1;1;1;1;1
Q04837;1;1;1;1;1;1
P50991;1;1;1;1;1;1
P41219;1;1;1;1;1;1
Q6ZVX7;1;1;1;1;1;1
P04632;1;1;1;1;1;1
P80748;1;1;1;1;1;1
Q9UNZ2;1;1;1;1;1;1
P61769;1;1;1;1;1;1
Q96P63;1;1;1;1;1;1
P06702;1;1;1;1;1;1
O43390;1;1;1;1;1;1
P48047;1;1;1;1;1;1
P10606;1;1;1;1;1;1
Q9BXN1;1;1;1;1;1;1
P30049;1;1;1;1;1;1
O00299;1;1;1;1;1;1
Q9UPN3;1;1;1;1;1;1
P52566;1;1;1;1;1;1
P06310;1;1;1;1;1;1
P50995;1;1;1;1;1;1
P19367;1;1;1;1;1;1
Q9UKY7;1;1;1;1;1;1
P13798;1;1;1;1;1;1
P02724;1;1;1;1;1;1
Q96FW1;1;1;1;1;1;1
Q16610;1;1;1;1;1;1
P05388;1;1;1;1;1;1
O75368;1;1;1;1;1;1
P00325;1;1;1;1;1;1
P07741;1;1;1;1;1;1
P46779;1;1;1;1;1;1
Q9BR76;1;1;1;1;1;1
P46781;1;1;1;1;1;1
Q9HCY8;1;1;1;1;1;1
P55786;1;1;1;1;1;1
P00505;1;1;1;1;1;1
P42167;1;1;1;1;1;1
P61224;1;1;1;1;1;1
P05783;1;1;1;1;1;1
P53814;1;1;1;1;1;1
P21399;1;1;1;1;1;1
P49862;1;1;1;1;1;1
P62333;1;1;1;1;1;1
P60981;1;1;1;1;1;1
P06737;1;1;1;1;1;1
P52565;1;1;1;1;1;1
P29590;1;1;1;1;1;1
A0A087WW87;1;1;1;1;1;1
Q92599;1;1;1;1;1;1
P00746;1;1;1;1;1;1
Q15293;1;1;1;1;1;1
P62244;1;1;1;1;1;1
O43852;1;1;1;1;1;1
Q13753;1;1;1;1;1;1
O43776;1;1;1;1;1;1
O95865;1;1;1;1;1;1
Q9Y5Z4;1;1;1;1;1;1
Q13442;1;1;1;1;1;1
Q7Z7G0;1;1;1;1;1;1
P30153;1;1;1;1;1;1
Q9BW30;1;1;1;1;1;1
P35232;1;1;1;1;1;1
P09496;1;1;1;1;1;1
P62899;1;1;1;1;1;1
P07108;1;1;1;1;1;1
P05198;1;1;1;1;1;1
Q16851;1;1;1;1;1;1
Q99961;1;1;1;1;1;1
P61313;1;1;1;1;1;1
Q9UEY8;1;1;1;1;1;1
P62263;1;1;1;1;1;1
P40939;1;1;1;1;1;1
P43121;1;1;1;1;1;1
Q9Y230;1;1;1;1;1;1
P02794;1;1;1;1;1;1
P31040;1;1;1;1;1;1
Q99832;1;1;1;1;1;1
P61163;1;1;1;1;1;1
P13667;1;1;1;1;1;1
Q5T749;1;1;1;1;1;1
P47755;1;1;1;1;1;1
Q13751;1;1;1;1;1;1
P83731;1;1;1;1;1;1
P62081;1;1;1;1;1;1
P62834;1;1;1;1;1;1
P39059;1;1;1;1;1;1
Q15942;1;1;1;1;1;1
Q96G03;1;1;1;1;1;1
P09497;1;1;1;1;1;1
P05090;1;1;1;1;1;1
Q08211;1;1;1;1;1;1
Q9BWD1;1;1;1;1;1;1
Q12906;1;1;1;1;1;1
Q15417;1;1;1;1;1;1
P31146;1;1;1;1;1;1
P0DP04;1;1;1;1;1;1
Q8N1G4;1;1;1;1;1;1
P07602;1;1;1;1;1;1
Q13867;1;1;1;1;1;1
Q9BUJ2;1;1;1;1;1;1
Q13283;1;1;1;1;1;1
Q01105;1;1;1;1;1;1
Q14011;1;1;1;1;1;1
P02654;1;1;1;1;1;1
Q9NP74;1;1;1;1;1;1
Q15366;1;1;1;1;1;1
Q7Z5L7;1;1;1;1;1;1
P30046;1;1;1;1;1;1
A0A0C4DH73;1;1;1;1;1;1
P07738;1;1;1;1;1;1
P51608;1;1;1;1;1;1
Q15717;1;1;1;1;1;1
Q9Y3I0;1;1;1;1;1;1
P08621;1;1;1;1;1;1
Q9UIJ7;1;1;1;1;1;1
Q96PD5;1;1;1;1;1;1
P62847;1;1;1;1;1;1
P07942;1;1;1;1;1;1
P28331;1;1;1;1;1;1
P09104;1;1;1;1;1;1
Q96QR8;1;1;1;1;1;1
P05089;1;1;1;1;1;1
Q02218;1;1;1;1;1;1
Q07955;1;1;1;1;1;1
Q9H223;1;1;1;1;1;1
P62249;1;1;1;1;1;1
P02792;1;1;1;1;1;1
P31151;1;1;1;1;1;1
Q9H299;1;1;1;1;1;1
P17655;1;1;1;1;1;1
P03950;1;1;1;1;1;1
O14818;1;1;1;1;1;1
Q15075;1;1;1;1;1;1
Q9UKV3;1;1;1;1;1;1
Q06323;1;1;1;1;1;1
Q96C90;1;1;1;1;1;1
Q02543;1;1;1;1;1;1
Q99497;1;1;1;1;1;1
P11413;1;1;1;1;1;1
Q16891;1;1;1;1;1;1
P48637;1;1;1;1;1;1
P05109;1;1;1;1;1;1
P07339;1;1;1;1;1;1
Q6ZRV2;1;1;1;1;1;1
P25685;1;1;1;1;1;1
O75937;1;1;1;1;1;1
P31949;1;1;1;1;1;1
Q9BSJ8;1;1;1;1;1;1
Q5TDH0;1;1;1;1;1;1
P08253;1;1;1;1;1;1
P33176;1;1;1;1;1;1
P02656;1;1;1;1;1;1
P36543;1;1;1;1;1;1
P62424;1;1;1;1;1;1
A0A0A0MS15;1;1;1;1;1;1
P48735;1;1;1;1;1;1
P07910;1;1;1;1;1;1
O94875;1;1;1;1;1;1
Q3ZCW2;1;1;1;1;1;1
P16452;1;1;1;1;1;1
Q14103;1;1;1;1;1;1
Q9UBQ7;1;1;1;1;1;1
P68402;1;1;1;1;1;1
P02750;1;1;1;1;1;1
P63244;1;1;1;1;1;1
P38606;1;1;1;1;1;1
P07357;1;1;1;1;1;1
O75531;1;1;1;1;1;1
Q9UNH7;1;1;1;1;1;1
P25786;1;1;1;1;1;1
P14314;1;1;1;1;1;1
P47897;1;1;1;1;1;1
O14974;1;1;1;1;1;1
Q13148;1;1;1;1;1;1
P41250;1;1;1;1;1;1
Q13409;1;1;1;1;1;1
P35998;1;1;1;1;1;1
P62328;1;1;1;1;1;1
P11586;1;1;1;1;1;1
P31948;1;1;1;1;1;1
P10253;1;1;1;1;1;1
Q04760;1;1;1;1;1;1
P55209;1;1;1;1;1;1
Q96C19;1;1;1;1;1;1
P08697;1;1;1;1;1;1
P63000;1;1;1;1;1;1
P23634;1;1;1;1;1;1
Q9H910;1;1;1;1;1;1
Q02952;1;1;1;1;1;1
P28838;1;1;1;1;1;1
Q9NZM1;1;1;1;1;1;1
O75533;1;1;1;1;1;1
P68036;1;1;1;1;1;1
P08708;1;1;1;1;1;1
P07358;1;1;1;1;1;1
O75781;1;1;1;1;1;1
P00966;1;1;1;1;1;1
Q9Y2W1;1;1;1;1;1;1
P20073;1;1;1;1;1;1
Q9UHB6;1;1;1;1;1;1
Q03135;1;1;1;1;1;1
P30084;1;1;1;1;1;1
Q9UQE7;1;1;1;1;1;1
Q13011;1;1;1;1;1;1
P54920;1;1;1;1;1;1
P07858;1;1;1;1;1;1
Q9UHQ9;1;1;1;1;1;1
O43396;1;1;1;1;1;1
P61586;1;1;1;1;1;1
P22061;1;1;1;1;1;1
P01889;1;1;1;1;1;1
Q9UGI8;1;1;1;1;1;1
Q13347;1;1;1;1;1;1
P84098;1;1;1;1;1;1
Q02818;1;1;1;1;1;1
O75390;1;1;1;1;1;1
Q9ULA0;1;1;1;1;1;1
P50914;1;1;1;1;1;1
P52943;1;1;1;1;1;1
P01602;1;1;1;1;1;1
P50238;1;1;1;1;1;1
Q01813;1;1;1;1;1;1
P37837;1;1;1;1;1;1
P55809;1;1;1;1;1;1
P60866;1;1;1;1;1;1
P08574;1;1;1;1;1;1
Q16666;1;1;1;1;1;1
P01700;1;1;1;1;1;1
Q96FQ6;1;1;1;1;1;1
P11171;1;1;1;1;1;1
P41222;1;1;1;1;1;1
Q15907;1;1;1;1;1;1
Q9H0E2;1;1;1;1;1;1
P49419;1;1;1;1;1;1
O60749;1;1;1;1;1;1
O14745;1;1;1;1;1;1
Q9NX40;1;1;1;1;1;1
P49773;1;1;1;1;1;1
P27144;1;1;1;1;1;1
Q15424;1;1;1;1;1;1
Q07092;1;1;1;1;1;1
P52209;1;1;1;1;1;1
Q86UP2;1;1;1;1;1;1
Q53EL6;1;1;1;1;1;1
O95336;1;1;1;1;1;1
P01717;1;1;1;1;1;1
P07954;1;1;1;1;1;1
P08559;1;1;1;1;1;1
Q9Y3U8;1;1;1;1;1;1
Q9UKU9;1;1;1;1;1;1
P46937;1;1;1;1;1;1
P46778;1;1;1;1;1;1
Q9NSB4;1;1;1;1;1;1
P02788;1;1;1;1;1;1
A0A0C4DH68;1;1;1;1;1;1
P14735;1;1;1;1;1;1
O00193;1;1;1;1;1;1
Q13435;1;1;1;1;1;1
A0A075B6Q5;1;1;1;1;1;1
P04843;1;1;1;1;1;1
Q92597;1;1;1;1;1;1
P06312;1;1;1;1;1;1
Q8WXF1;1;1;1;1;1;1
Q99733;1;1;1;1;1;1
O43488;1;1;1;1;1;1
P00352;1;1;1;1;1;1
P21291;1;1;1;1;1;1
P30626;1;1;1;1;1;1
Q32MZ4;1;1;1;1;1;1
P62195;1;1;1;1;1;1
Q14974;1;1;1;1;1;1
P15880;1;1;1;1;1;1
P29508;1;1;1;1;1;1
Q6PCB0;1;1;1;1;1;1
O60888;1;1;1;1;1;1
Q13361;1;1;1;1;1;1
P62280;1;1;1;1;1;1
Q9Y285;1;1;1;1;1;1
P49585;1;1;1;1;1;1
Q13561;1;1;1;1;1;1
Q12874;1;1;1;1;1;1
P30048;1;1;1;1;1;1
Q92530;1;1;1;1;1;1
Q9Y5X3;1;1;1;1;1;1
P50502;1;1;1;1;1;1
P30085;1;1;1;1;1;1
P10644;1;1;1;1;1;1
O96019;1;1;1;1;1;1
P49721;1;1;1;1;1;1
Q99439;1;1;1;1;1;1
O43768;1;1;1;1;1;1
O95817;1;1;1;1;1;1
Q8N8S7;1;1;1;1;1;1
Q9HC38;1;1;1;1;1;1
P09622;1;1;1;1;1;1
P26640;1;1;1;1;1;1
P14317;1;1;1;1;1;1
O15511;1;1;1;1;1;1
Q6XQN6;1;1;1;1;1;1
A0A0C4DH69;1;1;1;1;1;1
P09871;1;1;1;1;1;1
Q9UII2;1;1;1;1;1;1
P38919;1;1;1;1;1;1
P55036;1;1;1;1;1;1
O75489;1;1;1;1;1;1
Q13247;1;1;1;1;1;1
P30038;1;1;1;1;1;1
O00479;1;1;1;1;1;1
O95782;1;1;1;1;1;1
P05164;1;1;1;1;1;1
Q16853;1;1;1;1;1;1
Q15124;1;1;1;1;1;1
P20042;1;1;1;1;1;1
P35268;1;1;1;1;1;1
Q99714;1;1;1;1;1;1
Q9BV57;1;1;1;1;1;1
P04216;1;1;1;1;1;1
Q9NX63;1;1;1;1;1;1
P39687;1;1;1;1;1;1
P09669;1;1;1;1;1;1
P28300;1;1;1;1;1;1
Q13418;1;1;1;1;1;1
P30740;1;1;1;1;1;1
P78559;1;1;1;1;1;1
P84103;1;1;1;1;1;1
Q9UMR2;1;1;1;1;1;1
P55735;1;1;1;1;1;1
P49756;1;1;1;1;1;1
O00231;1;1;1;1;1;1
Q15008;1;1;1;1;1;1
O60493;1;1;1;1;1;1
Q08431;1;1;1;1;1;1
P62191;1;1;1;1;1;1
Q8N163;1;1;1;1;1;1
P62879;1;1;1;1;1;1
P50990;1;1;1;1;1;1
Q8IZP0;1;1;1;1;1;1
P01714;1;1;1;1;1;1
P18859;1;1;1;1;1;1
P14927;1;1;1;1;1;1
P47985;1;1;1;1;1;1
Q12797;1;1;1;1;1;1
Q92734;1;1;1;1;1;1
O14907;1;1;1;1;1;1
P82979;1;1;1;1;1;1
P27824;1;1;1;1;1;1
Q15181;1;1;1;1;1;1
P18621;1;1;1;1;1;1
P61254;1;1;1;1;1;1
P05204;1;1;1;1;1;1
Q96JY6;1;1;1;1;1;1
Q15637;1;1;1;1;1;1
Q86VP6;1;1;1;1;1;1
Q9HCB6;1;1;1;1;1;1
Q9NR46;1;1;1;1;1;1
P12081;1;1;1;1;1;1
O15143;1;1;1;1;1;1
P30044;1;1;1;1;1;1
Q9Y224;1;1;1;1;1;1
Q13510;1;1;1;1;1;1
Q9BX68;1;1;1;1;1;1
O94979;1;1;1;1;1;1
Q15631;1;1;1;1;1;1
Q01130;1;1;1;1;1;1
P62877;1;1;1;1;1;1
P22695;1;1;1;1;1;1
P07203;1;1;1;1;1;1
P00491;1;1;1;1;1;1
P10768;1;1;1;1;1;1
P30838;1;1;1;1;1;1
Q9NX46;1;1;1;1;1;1
P53634;1;1;1;1;1;1
Q9Y4E8;1;1;1;1;1;1
P23284;1;1;1;1;1;1
O43447;1;1;1;1;1;1
P46783;1;1;1;1;1;1
Q9BT78;1;1;1;1;1;1
A8K2U0;1;1;1;1;1;1
P22392;1;1;1;1;1;1
P00748;1;1;1;1;1;1
Q15126;1;1;1;1;1;1
Q6YHK3;1;1;1;1;1;1
P41091;1;1;1;1;1;1
P42766;1;1;1;1;1;1
Q86TX2;1;1;1;1;1;1
P17096;1;1;1;1;1;1
Q96I99;1;1;1;1;1;1
P62273;1;1;1;1;1;1
Q99598;1;1;1;1;1;1
Q16762;1;1;1;1;1;1
P02652;1;1;1;1;1;1
P53999;1;1;1;1;1;1
Q9BTV4;1;1;1;1;1;1
P11177;1;1;1;1;1;1
P06681;1;1;1;1;1;1
Q13404;1;1;1;1;1;1
P28482;1;1;1;1;1;1
Q9Y5X1;1;1;1;1;1;1
P78539;1;1;1;1;1;1
P01034;1;1;1;1;1;1
P05455;1;1;1;1;1;1
Q9Y2D5;1;1;1;1;1;1
Q8WWY7;1;1;1;1;1;1
P47813;1;1;1;1;1;1
P21980;1;1;1;1;1;1
Q01844;1;1;1;1;1;1
P23381;1;1;1;1;1;1
P17480;1;1;1;1;1;1
Q6UXB8;1;1;1;1;1;1
Q04446;1;1;1;1;1;1
Q9H2U2;1;1;1;1;1;1
P08134;1;1;1;1;1;1
Q92499;1;1;1;1;1;1
P49588;1;1;1;1;1;1
P59998;1;1;1;1;1;1
P04899;1;1;1;1;1;1
Q9NVZ3;1;1;1;1;1;1
P01019;1;1;1;1;1;1
P28072;1;1;1;1;1;1
P33241;1;1;1;1;1;1
P62140;1;1;1;1;1;1
Q15404;1;1;1;1;1;1
P14854;1;1;1;1;1;1
P05155;1;1;1;1;1;1
O94973;1;1;1;1;1;1
P40261;1;1;1;1;1;1
A0PJW8;1;1;1;1;1;1
P22570;1;1;1;1;1;1
O43242;1;1;1;1;1;1
P25788;1;1;1;1;1;1
O00764;1;1;1;1;1;1
Q9UQ35;1;1;1;1;1;1
P12429;1;1;1;1;1;1
Q15654;1;1;1;1;1;1
Q9UMS4;1;1;1;1;1;1
P05141;1;1;1;1;1;1
P30622;1;1;1;1;1;1
P13693;1;1;1;1;1;1
Q13177;1;1;1;1;1;1
Q9NVI7;1;1;1;1;1;1
Q9UMY4;1;1;1;1;1;1
P43652;1;1;1;1;1;1
P23526;1;1;1;1;1;1
P53004;1;1;1;1;1;1
Q99829;1;1;1;1;1;1
Q9UKM9;1;1;1;1;1;1
P30837;1;1;1;1;1;1
Q8N2S1;1;1;1;1;1;1
Q99460;1;1;1;1;1;1
P02458;1;1;1;1;1;1
O96000;1;1;1;1;1;1
Q16629;1;1;1;1;1;1
P62136;1;1;1;1;1;1
P09661;1;1;1;1;1;1
Q14244;1;1;1;1;1;1
P54136;1;1;1;1;1;1
P36871;1;1;1;1;1;1
Q53T59;1;1;1;1;1;1
Q9NRV9;1;1;1;1;1;1
Q9UHB9;1;1;1;1;1;1
P28289;1;1;1;1;1;1
A0A0J9YXX1;1;1;1;1;1;1
P43487;1;1;1;1;1;1
P33121;1;1;1;1;1;1
P49591;1;1;1;1;1;1
O75131;1;1;1;1;1;1
O43809;1;1;1;1;1;1
Q13938;1;1;1;1;1;1
Q9UKG1;1;1;1;1;1;1
O15145;1;1;1;1;1;1
P05114;1;1;1;1;1;1
P05452;1;1;1;1;1;1
O00468;1;1;1;1;1;1
P56385;1;1;1;1;1;1
P46782;1;1;1;1;1;1
Q9NNX1;1;1;1;1;1;1
Q9BS26;1;1;1;1;1;1
Q9H425;1;1;1;1;1;1
P16949;1;1;1;1;1;1
P01718;1;1;1;1;1;1
P38117;1;1;1;1;1;1
Q9BVK6;1;1;1;1;1;1
Q9UN86;1;1;1;1;1;1
Q01658;1;1;1;1;1;1
O95302;1;1;1;1;1;1
Q9Y696;1;1;1;1;1;1
P49458;1;1;1;1;1;1
Q14257;1;1;1;1;1;1
P53367;1;1;1;1;1;1
Q13642;1;1;1;1;1;1
P47914;1;1;1;1;1;1
P41567;1;1;1;1;1;1
Q09028;1;1;1;1;1;1
Q9UBR2;1;1;1;1;1;1
P61088;1;1;1;1;1;1
Q15836;1;1;1;1;1;1
Q86UE4;1;1;1;1;1;1
Q8NBJ7;1;1;1;1;1;1
O75396;1;1;1;1;1;1
O14964;1;1;1;1;1;1
O75190;1;1;1;1;1;1
Q5JTV8;1;1;1;1;1;1
Q9NVD7;1;1;1;1;1;1
P09110;1;1;1;1;1;1
P35542;1;1;1;1;1;1
Q15436;1;1;1;1;1;1
P07225;1;1;1;1;1;1
P51659;1;1;1;1;1;1
P08174;1;1;1;1;1;1
Q9HCU0;1;1;1;1;1;1
P04181;1;1;1;1;1;1
O95425;1;1;1;1;1;1
A0A075B6I6;1;1;1;1;1;1
Q16698;1;1;1;1;1;1
O00303;1;1;1;1;1;1
Q12792;1;1;1;1;1;1
Q96IU4;1;1;1;1;1;1
O75348;1;1;1;1;1;1
Q9NTK5;1;1;1;1;1;1
P09960;1;1;1;1;1;1
Q9UBI6;1;1;1;1;1;1
P31994;1;1;1;1;1;1
O14979;1;1;1;1;1;1
P18077;1;1;1;1;1;1
Q96PK6;1;1;1;1;1;1
Q9Y617;1;1;1;1;1;1
Q96IZ0;1;1;1;1;1;1
Q14019;1;1;1;1;1;1
P28066;1;1;1;1;1;1
O14561;1;1;1;1;1;1
P02746;1;1;1;1;1;1
Q99426;1;1;1;1;1;1
P49257;1;1;1;1;1;1
P08493;1;1;1;1;1;1
Q9Y6N5;1;1;1;1;1;1
Q15435;1;1;1;1;1;1
P17174;1;1;1;1;1;1
O75494;1;1;1;1;1;1
P28070;1;1;1;1;1;1
P26583;1;1;1;1;1;1
O60234;1;1;1;1;1;1
P62318;1;1;1;1;1;1
P30566;1;1;1;1;1;1
P42765;1;1;1;1;1;1
P24752;1;1;1;1;1;1
P19838;1;1;1;1;1;1
Q15828;1;1;1;1;1;1
O43678;1;1;1;1;1;1
Q9NZD4;1;1;1;1;1;1
Q9P258;1;1;1;1;1;1
P62316;1;1;1;1;1;1
P19404;1;1;1;1;1;1
P08236;1;1;1;1;1;1
O15400;1;1;1;1;1;1
Q6P597;1;1;1;1;1;1
P62266;1;1;1;1;1;1
P20618;1;1;1;1;1;1
P13073;1;1;1;1;1;1
P14678;1;1;1;1;1;1
Q96RF0;1;1;1;1;1;1
P09936;1;1;1;1;1;1
Q9UNM6;1;1;1;1;1;1
Q14166;1;1;1;1;1;1
P49790;1;1;1;1;1;1
P21912;1;1;1;1;1;1
Q9NR28;1;1;1;1;1;1
Q9Y383;1;1;1;1;1;1
A0A075B6S9;1;1;1;1;1;1
Q16204;1;1;1;1;1;1
P58546;1;1;1;1;1;1
P35606;1;1;1;1;1;1
Q9Y2B0;1;1;1;1;1;1
P02775;1;1;1;1;1;1
P12268;1;1;1;1;1;1
P26368;1;1;1;1;1;1
Q15046;1;1;1;1;1;1
Q8WVY7;1;1;1;1;1;1
Q14157;1;1;1;1;1;1
P51452;1;1;1;1;1;1
A0A075B6H8;1;1;1;1;1;1
P20339;1;1;1;1;1;1
Q9H3K6;1;1;1;1;1;1
Q86U42;1;1;1;1;1;1
Q96AY3;1;1;1;1;1;1
P18428;1;1;1;1;1;1
O00264;1;1;1;1;1;1
P12074;1;1;1;1;1;1
O00754;1;1;1;1;1;1
O75340;1;1;1;1;1;1
P24593;1;1;1;1;1;1
Q99436;1;1;1;1;1;1
Q02790;1;1;1;1;1;1
P62277;1;1;1;1;1;1
P46976;1;1;1;1;1;1
P21796;1;1;1;1;1;1
P01591;1;1;1;1;1;1
P62841;1;1;1;1;1;1
P27105;1;1;1;1;1;1
P49207;1;1;1;1;1;1
Q96HE7;1;1;1;1;1;1
P18510;1;1;1;1;1;1
Q9UJ70;1;1;1;1;1;1
Q07157;1;1;1;1;1;1
Q9NVJ2;1;1;1;1;1;1
Q92522;1;1;1;1;1;1
Q16543;1;1;1;1;1;1
O60869;1;1;1;1;1;1
Q9Y365;1;1;1;1;1;1
Q8N474;1;1;1;1;1;1
Q969E4;1;1;1;1;1;1
Q15819;1;1;1;1;1;1
P22352;1;1;1;1;1;1
Q9NRX4;1;1;1;1;1;1
P28074;1;1;1;1;1;1
P08571;1;1;1;1;1;1
Q13243;1;1;1;1;1;1
O60684;1;1;1;1;1;1
P54577;1;1;1;1;1;1
Q9UBS4;1;1;1;1;1;1
Q9BPW8;1;1;1;1;1;1
Q9NUP9;1;1;1;1;1;1
Q7Z4H8;1;1;1;1;1;1
Q969Q0;1;1;1;1;1;1
Q9P0J0;1;1;1;1;1;1
Q9UBE0;1;1;1;1;1;1
O43598;1;1;1;1;1;1
P05160;1;1;1;1;1;1
O15173;1;1;1;1;1;1
Q08209;1;1;1;1;1;1
P46776;1;1;1;1;1;1
O60271;1;1;1;1;1;1
Q15773;1;1;1;1;1;1
Q9UK76;1;1;1;1;1;1
Q08170;1;1;1;1;1;1
Q96BJ3;1;1;1;1;1;1
Q8IW75;1;1;1;1;1;1
P11766;1;1;1;1;1;1
P34897;1;1;1;1;1;1
Q9BWM7;1;1;1;1;1;1
P62857;1;1;1;1;1;1
Q96L46;1;1;1;1;1;1
Q8WZA0;1;1;1;1;1;1
P20962;1;1;1;1;1;1
P35659;1;1;1;1;1;1
P14555;1;1;1;1;1;1
A0A0C4DH43;1;1;1;1;1;1
P78417;1;1;1;1;1;1
Q8IZ83;1;1;1;1;1;1
P78318;1;1;1;1;1;1
P42677;1;1;1;1;1;1
Q96C86;1;1;1;1;1;1
Q92466;1;1;1;1;1;1
O75323;1;1;1;1;1;1
P53396;1;1;1;1;1;1
Q9BRF8;1;1;1;1;1;1
P62888;1;1;1;1;1;1
Q07960;1;1;1;1;1;1
Q9Y371;1;1;1;1;1;1
Q07666;1;1;1;1;1;1
O60911;1;1;1;1;1;1
Q00796;1;1;1;1;1;1
P02747;1;1;1;1;1;1
P60468;1;1;1;1;1;1
P10515;1;1;1;1;1;1
P82909;1;1;1;1;1;1
P09486;1;1;1;1;1;1
P05556;1;1;1;1;1;1
P21589;1;1;1;1;1;1
P48739;1;1;1;1;1;1
Q9BV79;1;1;1;1;1;1
Q9BTD8;1;1;1;1;1;1
P12273;1;1;1;1;1;1
Q9NZL9;1;1;1;1;1;1
Q15121;1;1;1;1;1;1
O00170;1;1;1;1;1;1
Q96IY4;1;1;1;1;1;1
P62310;1;1;1;1;1;1
Q13526;1;1;1;1;1;1
Q9Y5S9;1;1;1;1;1;1
P61927;1;1;1;1;1;1
P62851;1;1;1;1;1;1
Q8N0X7;1;1;1;1;1;1
Q08752;1;1;1;1;1;1
Q9BUQ8;1;1;1;1;1;1
O75915;1;1;1;1;1;1
Q8NBS9;1;1;1;1;1;1
Q9UI09;1;1;1;1;1;1
Q53RT3;1;1;1;1;1;1
P49354;1;1;1;1;1;1
Q9NSD9;1;1;1;1;1;1
Q9Y2Q9;1;1;1;1;1;1
P62854;1;1;1;1;1;1
Q96DI7;1;1;1;1;1;1
Q9UNE7;1;1;1;1;1;1
P26440;1;1;1;1;1;1
P02655;1;1;1;1;1;1
P40306;1;1;1;1;1;1
P55001;1;1;1;1;1;1
P20933;1;1;1;1;1;1
P42357;1;1;1;1;1;1
Q96HS1;1;1;1;1;1;1
Q13547;1;1;1;1;1;1
Q02978;1;1;1;1;1;1
O43237;1;1;1;1;1;1
P60900;1;1;1;1;1;1
P24539;1;1;1;1;1;1
O14579;1;1;1;1;1;1
Q15102;1;1;1;1;1;1
Q14956;1;1;1;1;1;1
Q9GZP4;1;1;1;1;1;1
P62306;1;1;1;1;1;1
Q9UFN0;1;1;1;1;1;1
Q6NUK1;1;1;1;1;1;1
P17900;1;1;1;1;1;1
O95295;1;1;1;1;1;1
Q96A26;1;1;1;1;1;1
Q12907;1;1;1;1;1;1
O00273;1;1;1;1;1;1
P53365;1;1;1;1;1;1
Q00688;1;1;1;1;1;1
O15212;1;1;1;1;1;1
P11166;1;1;1;1;1;1
P31153;1;1;1;1;1;1
O76015;1;1;1;1;1;1
Q9Y305;1;1;1;1;1;1
Q8NFW8;1;1;1;1;1;1
P55145;1;1;1;1;1;1
Q05519;1;1;1;1;1;1
P84090;1;1;1;1;1;1
Q9Y3D6;1;1;1;1;1;1
P07451;1;1;1;1;1;1
P62829;1;1;1;1;1;1
P49321;1;1;1;1;1;1
Q9Y2V2;1;1;1;1;1;1
P51114;1;1;1;1;1;1
Q99417;1;1;1;1;1;1
O95433;1;1;1;1;1;1
Q96CV9;1;1;1;1;1;1
O75821;1;1;1;1;1;1
O00629;1;1;1;1;1;1
Q9Y5K8;1;1;1;1;1;1
P48444;1;1;1;1;1;1
Q15185;1;1;1;1;1;1
P61221;1;1;1;1;1;1
P62495;1;1;1;1;1;1
Q96BP3;1;1;1;1;1;1
P04921;1;1;1;1;1;1
P24534;1;1;1;1;1;1
Q9BS40;1;1;1;1;1;1
P10619;1;1;1;1;1;1
P62861;1;1;1;1;1;1
O60763;1;1;1;1;1;1
Q13595;1;1;1;1;1;1
P49959;1;1;1;1;1;1
O95861;1;1;1;1;1;1
Q86WA6;1;1;1;1;1;1
Q9UK45;1;1;1;1;1;1
O00410;1;1;1;1;1;1
Q9NZZ3;1;1;1;1;1;1
Q8WWA1;1;1;1;1;1;1
Q9HAV0;1;1;1;1;1;1
Q13155;1;1;1;1;1;1
O43813;1;1;1;1;1;1
P04070;1;1;1;1;1;1
P05120;1;1;1;1;1;1
Q9Y6M9;1;1;1;1;1;1
Q7RTV0;1;1;1;1;1;1
Q9BY44;1;1;1;1;1;1
Q9Y2R0;1;1;1;1;1;1
Q8IXQ3;1;1;1;1;1;1
Q9BUP3;1;1;1;1;1;1
Q16774;1;1;1;1;1;1
Q8WUW1;1;1;1;1;1;1
Q9NX24;1;1;1;1;1;1
Q9Y2D4;1;1;1;1;1;1
Q9UL15;1;1;1;1;1;1
Q06278;1;1;1;1;1;1
O00505;1;1;1;1;1;1
O00161;1;1;1;1;1;1
P51398;1;1;1;1;1;1
A0A0C4DH31;1;1;1;1;1;1
Q9NWH9;1;1;1;1;1;1
Q04900;1;1;1;1;1;1
O00743;1;1;1;1;1;1
Q14210;1;1;1;1;1;1
P40123;1;1;1;1;1;1
Q8WWX9;1;1;1;1;1;1
Q15843;1;1;1;1;1;1
Q8IVM0;1;1;1;1;1;1
Q9P015;1;1;1;1;1;1
O95178;1;1;1;1;1;1
Q9UBU9;1;1;1;1;1;1
Q9Y3A3;1;1;1;1;1;1
Q96EY1;1;1;1;1;1;1
Q96A65;1;1;1;1;1;1
B3EWG6;1;1;1;1;1;1
P04844;1;1;1;1;1;1
P09467;1;1;1;1;1;1
Q9Y3B8;1;1;1;1;1;1
P42773;1;1;1;1;1;1
P25963;1;1;1;1;1;1
Q9H8W4;1;1;1;1;1;1
Q8WW12;1;1;1;1;1;1
Q9UJY1;1;1;1;1;1;1
Q96AX1;1;1;1;1;1;1
Q9H0R8;1;1;1;1;1;1
P61964;1;1;1;1;1;1
Q03154;1;1;1;1;1;1
P62750;1;1;1;1;1;1
Q8TDH9;1;1;1;1;1;1
O60502;1;1;1;1;1;1
P56134;1;1;1;1;1;1
Q8TBC4;1;1;1;1;1;1
P08572;1;1;1;1;1;1
P60896;1;1;1;1;1;1
Q9NRG0;1;1;1;1;1;1
O14980;1;1;1;1;1;1
O95630;1;1;1;1;1;1
O14529;1;1;1;1;1;1
