;One;Two;Three;Four;Five;Six
A0A075B6I4;1;0;0;0;1;0
A0A075B6K2;0;1;0;0;0;0
A0A075B6K4;1;1;1;1;1;1
A0A075B6Q5;1;1;1;1;1;1
A0A075B6S5;0;0;1;1;1;1
A0A087WSX0;0;0;0;1;0;0
A0A087WSY4;0;1;0;0;0;0
A0A0A0MRZ8;1;1;1;1;1;1
A0A0A0MS14;0;1;0;0;0;0
A0A0A0MS15;1;1;1;1;1;1
A0A0A0MT36;1;1;1;1;0;0
A0A0B4J1U3;1;1;1;0;1;0
A0A0B4J1V0;1;1;1;1;1;1
A0A0B4J1V1;0;0;0;0;0;1
A0A0B4J1V2;0;1;0;0;1;1
A0A0B4J1X5;1;1;1;1;1;1
A0A0B4J2D9;0;1;1;1;1;1
A0A0C4DH25;1;1;0;0;0;0
A0A0C4DH29;0;0;1;0;0;0
A0A0C4DH31;1;0;0;0;0;1
A0A0C4DH32;1;1;1;0;0;1
A0A0C4DH33;1;0;0;0;0;0
A0A0C4DH34;0;1;0;0;1;1
A0A0C4DH38;1;1;1;1;1;1
A0A0C4DH42;1;1;1;1;1;1
A0A0C4DH43;1;1;1;1;1;1
A0A0C4DH55;1;1;0;1;0;0
A0A0C4DH68;1;1;1;1;1;1
A0A0C4DH69;1;1;1;1;1;1
A0A0C4DH72;1;1;1;1;1;1
A0A0C4DH73;1;1;1;1;1;1
A0A0J9YXX1;1;1;1;1;1;1
A0FGR8;1;1;0;1;0;0
A0M8Q6;1;1;1;0;1;1
A0MZ66;0;0;0;0;0;1
A0PJW8;1;1;1;1;1;1
A1IGU5;0;0;0;0;0;1
A1L0T0;0;1;0;0;0;0
A1L4H1;1;0;0;1;1;0
A1Z1Q3;0;1;0;0;0;0
A2A3K4;1;0;0;0;0;0
A2RRP1;1;0;1;0;1;1
A2RUR9;0;0;0;1;0;0
A2VCL2;0;0;0;0;1;0
A4UGR9;0;1;0;0;0;0
A5A3E0;0;1;0;0;0;0
A5YM69;1;1;0;0;0;1
A6NCM1;0;1;1;0;0;0
A6ND36;0;1;1;0;0;1
A6NDG6;0;1;1;1;1;1
A6NDU8;0;0;0;0;1;1
A6NEC2;0;1;1;1;0;1
A6NHQ2;1;1;0;0;0;0
A6NHR9;0;0;0;0;1;0
A6NMS7;0;1;0;0;0;0
A6NMZ7;1;1;1;1;1;1
A6NNF4;0;0;0;0;0;1
A6NP61;0;0;0;1;0;0
A8K0R7;0;1;0;0;0;0
A8K2U0;1;1;1;1;1;1
A8MPX8;0;1;0;0;0;0
A8MSI8;0;0;0;0;0;1
A8MWX3;0;0;0;0;0;1
A8MYU2;0;0;0;0;1;0
A8TX70;1;0;0;0;1;0
B1AK53;0;1;1;0;0;0
B2RUZ4;1;1;1;0;1;1
B3EWG6;1;1;1;1;1;1
B5ME19;1;1;1;0;0;1
B9A064;1;1;1;1;1;1
E7ETH6;1;0;0;0;0;0
H7BZ55;0;1;1;1;1;1
O00115;0;1;0;1;0;1
O00148;0;0;0;1;1;1
O00151;1;1;1;1;1;1
O00154;0;1;1;0;0;1
O00159;1;1;1;1;1;1
O00161;1;1;1;1;1;1
O00170;1;1;1;1;1;1
O00186;0;0;1;0;0;1
O00187;1;1;1;1;1;0
O00193;1;1;1;1;1;1
O00203;0;0;0;0;0;1
O00204;1;0;1;1;1;1
O00214;0;1;1;0;0;0
O00217;1;1;1;1;0;1
O00231;1;1;1;1;1;1
O00232;1;0;1;1;0;1
O00233;0;1;1;1;1;1
O00244;1;1;1;1;0;1
O00264;1;1;1;1;1;1
O00268;1;0;0;0;0;1
O00273;1;1;1;1;1;1
O00299;1;1;1;1;1;1
O00303;1;1;1;1;1;1
O00330;1;0;0;0;0;1
O00339;1;0;1;0;1;1
O00391;1;0;0;1;1;0
O00410;1;1;1;1;1;1
O00418;1;1;0;0;0;1
O00422;1;0;0;1;1;1
O00423;0;0;0;0;0;1
O00468;1;1;1;1;1;1
O00471;0;0;1;0;0;0
O00479;1;1;1;1;1;1
O00481;0;1;0;0;0;0
O00483;1;1;0;0;0;1
O00499;1;0;0;0;0;0
O00505;1;1;1;1;1;1
O00515;1;1;1;1;1;1
O00533;0;1;0;0;0;0
O00534;0;1;1;1;1;1
O00560;1;1;1;1;0;1
O00567;1;1;1;1;0;1
O00571;1;1;1;1;1;1
O00585;1;1;0;0;0;1
O00629;1;1;1;1;1;1
O00743;1;1;1;1;1;1
O00754;1;1;1;1;1;1
O00763;1;0;0;0;0;0
O00764;1;1;1;1;1;1
O14495;0;1;0;0;0;1
O14497;0;1;1;1;1;1
O14498;0;1;0;0;0;0
O14529;1;1;1;1;1;1
O14545;1;1;1;0;0;0
O14548;0;0;0;1;0;0
O14558;1;1;1;0;1;0
O14561;1;1;1;1;1;1
O14579;1;1;1;1;1;1
O14618;1;1;0;1;1;1
O14639;1;1;1;1;1;0
O14683;1;1;0;0;0;0
O14732;1;1;0;1;0;0
O14737;1;1;0;1;1;1
O14744;0;0;1;0;0;0
O14745;1;1;1;1;1;1
O14773;1;1;1;1;1;1
O14776;1;1;1;1;0;1
O14777;0;0;1;1;0;0
O14786;0;0;0;1;0;1
O14791;1;1;1;1;1;1
O14818;1;1;1;1;1;1
O14828;0;1;0;1;0;1
O14832;0;0;1;0;0;0
O14841;0;1;0;0;0;1
O14879;0;1;0;0;0;0
O14880;0;1;0;0;0;0
O14896;1;1;1;1;0;1
O14907;1;1;1;1;1;1
O14908;0;1;1;1;1;1
O14910;1;0;0;0;0;0
O14920;0;0;0;1;0;0
O14936;1;1;0;0;0;1
O14949;1;1;0;1;0;1
O14950;1;1;1;1;1;1
O14960;0;0;0;0;0;1
O14964;1;1;1;1;1;1
O14974;1;1;1;1;1;1
O14979;1;1;1;1;1;1
O14980;1;1;1;1;1;1
O15020;1;1;1;1;1;1
O15027;0;0;1;1;0;0
O15031;1;0;0;0;0;0
O15042;1;1;1;0;1;1
O15047;0;0;1;0;0;0
O15049;0;0;1;0;0;0
O15061;1;1;1;1;1;1
O15067;0;1;0;1;0;0
O15075;1;1;0;1;1;1
O15126;0;1;0;1;1;1
O15143;1;1;1;1;1;1
O15144;1;1;1;1;1;1
O15145;1;1;1;1;1;1
O15156;0;1;1;0;0;0
O15160;1;0;1;0;1;1
O15173;1;1;1;1;1;1
O15212;1;1;1;1;1;1
O15230;1;1;1;1;1;1
O15231;1;1;1;1;1;1
O15247;1;1;0;0;1;1
O15254;1;1;0;0;0;0
O15258;1;1;0;1;1;1
O15264;0;0;0;0;0;1
O15294;0;0;0;1;1;1
O15305;0;1;0;0;0;1
O15355;0;1;0;1;0;1
O15371;1;1;1;1;1;1
O15382;0;1;0;0;0;0
O15400;1;1;1;1;1;1
O15428;0;0;0;1;0;0
O15446;1;0;0;1;0;1
O15460;0;0;1;0;0;0
O15498;0;1;0;0;0;0
O15511;0;1;1;1;1;1
O15540;1;1;1;0;0;0
O15550;0;0;0;0;0;1
O43143;1;1;1;1;0;1
O43149;0;1;0;0;0;0
O43150;0;1;0;0;0;0
O43169;1;0;1;1;1;1
O43172;0;1;1;0;0;0
O43175;1;1;1;1;1;1
O43181;0;0;0;1;1;1
O43237;1;1;1;1;1;1
O43240;0;0;0;0;0;1
O43242;1;1;1;1;1;1
O43251;0;0;0;1;0;0
O43252;0;0;0;0;0;1
O43264;0;0;0;0;0;1
O43281;0;0;1;1;0;0
O43290;1;1;1;1;0;1
O43294;1;1;0;1;1;1
O43301;0;0;0;0;0;1
O43390;1;1;1;1;1;1
O43396;1;1;1;1;1;1
O43399;1;1;1;1;1;1
O43402;0;0;0;0;0;1
O43432;0;0;0;0;0;1
O43447;1;1;1;1;1;1
O43463;0;0;0;1;0;0
O43464;1;1;1;1;0;0
O43488;1;1;1;1;1;1
O43491;1;1;1;1;1;1
O43504;0;0;0;0;0;1
O43516;0;1;0;0;0;1
O43548;0;0;0;0;1;0
O43583;0;1;0;1;1;1
O43598;1;1;1;1;0;1
O43617;0;0;0;1;0;0
O43633;1;1;1;1;0;1
O43660;0;1;1;0;0;0
O43670;1;1;1;0;1;1
O43678;1;1;1;1;1;1
O43681;1;1;0;0;0;1
O43684;0;0;0;1;0;1
O43707;1;1;1;1;1;1
O43715;0;0;0;1;0;0
O43719;1;1;0;1;0;1
O43747;0;1;0;0;0;0
O43760;1;0;0;1;0;1
O43768;1;1;1;1;1;1
O43776;1;1;1;1;1;1
O43795;1;0;1;0;0;1
O43809;1;1;1;1;1;1
O43813;1;1;1;1;1;1
O43815;1;0;0;1;0;1
O43818;0;1;1;0;0;1
O43824;0;1;1;1;0;0
O43827;0;0;0;1;0;0
O43847;0;0;1;0;0;0
O43852;1;1;1;1;1;1
O43865;1;1;1;1;0;0
O43866;1;0;0;1;1;0
O43920;1;1;0;0;0;0
O60218;1;0;0;0;0;1
O60220;0;1;1;1;0;1
O60232;1;0;1;0;0;1
O60234;1;1;1;1;1;1
O60237;0;0;1;0;1;1
O60240;1;1;1;1;1;1
O60245;1;1;0;0;0;1
O60256;1;0;0;0;0;0
O60264;1;1;0;0;0;1
O60271;1;1;1;1;1;1
O60287;1;1;0;1;0;0
O60290;0;0;0;1;0;0
O60308;0;0;0;1;0;0
O60312;0;0;0;0;1;0
O60313;0;1;0;1;0;1
O60331;0;0;0;0;1;0
O60343;0;0;0;0;1;1
O60423;0;0;0;0;1;0
O60437;1;1;1;1;1;1
O60493;1;1;1;1;1;1
O60502;1;1;1;1;1;1
O60504;1;1;1;1;1;1
O60506;1;1;1;1;1;1
O60518;0;1;0;0;0;0
O60524;0;0;1;0;1;0
O60610;0;1;1;0;1;1
O60613;1;1;1;1;0;1
O60645;0;1;0;0;0;1
O60664;1;1;1;1;1;1
O60684;1;1;1;1;1;1
O60687;0;1;0;0;0;0
O60701;1;1;1;1;1;1
O60716;1;1;1;1;1;1
O60721;0;1;1;0;1;0
O60749;1;1;1;1;1;1
O60760;0;1;0;1;0;0
O60763;1;1;1;1;1;1
O60784;1;1;1;1;1;1
O60814;1;1;1;1;1;1
O60825;0;0;0;1;0;1
O60826;0;1;0;0;0;0
O60828;0;1;1;0;1;0
O60832;1;0;0;1;0;0
O60840;0;1;0;0;0;0
O60841;0;0;1;1;1;1
O60869;1;1;1;1;1;1
O60879;1;0;0;1;0;0
O60884;1;0;1;1;1;1
O60888;1;1;1;1;1;1
O60911;1;1;1;1;1;1
O60925;0;1;0;0;0;0
O60927;1;1;1;0;1;1
O60934;0;0;1;0;0;0
O60936;1;0;0;1;0;1
O60938;0;0;0;1;1;0
O75023;0;1;0;0;0;1
O75037;0;0;1;0;0;0
O75069;1;1;1;0;0;0
O75083;1;1;1;1;1;1
O75094;0;0;0;1;0;0
O75095;0;1;0;0;0;0
O75112;1;1;0;1;1;1
O75116;1;1;1;1;0;1
O75131;1;1;1;1;1;1
O75146;0;1;0;0;0;1
O75190;1;1;1;1;1;1
O75223;1;1;0;1;0;1
O75251;1;0;1;1;1;1
O75306;0;1;0;0;0;0
O75323;1;1;1;1;1;1
O75339;1;1;1;1;1;1
O75340;1;1;1;1;1;1
O75342;0;0;1;0;0;0
O75347;0;1;1;1;1;1
O75348;0;1;1;1;1;1
O75351;1;1;0;0;1;1
O75355;0;0;0;0;0;1
O75367;1;1;1;1;1;1
O75368;1;1;1;1;1;1
O75369;1;1;1;1;1;1
O75380;1;1;0;0;0;0
O75381;1;1;0;0;0;1
O75390;1;1;1;1;1;1
O75391;1;0;0;0;0;0
O75396;1;1;1;1;1;1
O75400;0;1;1;1;1;1
O75410;0;1;1;0;1;0
O75427;0;0;1;1;0;1
O75436;0;1;0;1;0;1
O75438;0;0;0;1;0;0
O75439;0;1;1;1;0;1
O75475;1;0;1;0;0;0
O75489;1;1;1;1;1;1
O75494;1;1;1;1;1;1
O75521;0;0;0;0;0;1
O75525;1;0;0;1;1;1
O75531;1;1;1;1;1;1
O75533;1;1;1;1;1;1
O75534;0;1;0;0;0;1
O75541;0;0;0;0;0;1
O75569;0;1;1;0;0;1
O75592;1;0;0;0;0;0
O75608;0;1;0;1;0;1
O75629;0;0;1;1;1;1
O75635;1;0;1;0;0;0
O75636;1;0;0;0;0;0
O75643;1;0;1;1;0;1
O75683;0;1;0;0;0;0
O75694;0;1;1;1;0;0
O75718;0;0;1;0;0;0
O75746;0;0;0;1;0;0
O75764;0;1;0;0;0;0
O75781;1;1;1;1;1;1
O75821;1;1;1;1;1;1
O75822;1;0;1;1;1;1
O75828;1;1;1;1;1;1
O75832;1;1;0;0;0;0
O75874;1;1;1;1;1;1
O75884;0;1;1;1;1;1
O75886;0;1;0;0;0;1
O75909;0;0;0;0;1;0
O75915;1;1;0;1;1;1
O75923;0;0;0;0;1;0
O75934;1;1;0;1;1;1
O75935;1;1;0;1;1;1
O75936;0;0;1;1;0;1
O75937;1;1;1;1;1;1
O75940;0;1;0;0;0;0
O75947;1;1;1;1;0;1
O75955;0;1;1;0;1;1
O75964;1;1;1;1;0;1
O76003;1;0;1;1;1;1
O76013;1;0;0;0;0;0
O76015;0;1;1;1;1;1
O76021;1;1;0;0;0;1
O76041;1;0;0;1;0;0
O76042;0;0;0;0;1;1
O76070;1;1;1;1;0;1
O76071;1;0;0;0;0;1
O76076;1;1;0;0;0;1
O76083;0;0;1;0;0;0
O76094;1;1;1;0;0;0
O94760;1;0;0;0;0;0
O94776;1;1;1;1;0;1
O94788;0;0;0;0;1;0
O94819;1;0;0;0;0;0
O94826;1;1;1;1;0;1
O94832;0;1;1;1;0;1
O94844;0;0;0;0;0;1
O94874;0;1;0;0;0;1
O94875;1;1;1;1;1;1
O94888;1;0;1;0;1;0
O94901;0;1;0;1;0;1
O94903;1;0;1;1;1;1
O94905;0;1;0;0;0;0
O94906;1;1;1;0;0;0
O94919;0;0;0;0;0;1
O94927;0;0;0;0;0;1
O94953;0;0;0;1;0;0
O94973;1;1;1;1;1;1
O94979;1;1;1;1;1;1
O95139;1;0;1;0;1;1
O95147;0;0;1;0;0;1
O95155;1;0;1;1;1;1
O95168;0;0;1;1;1;1
O95169;0;0;1;1;0;1
O95171;1;1;1;1;1;1
O95178;1;1;1;1;1;1
O95182;0;1;1;0;0;0
O95202;0;0;1;1;0;1
O95219;0;1;0;0;1;1
O95232;0;0;1;0;0;1
O95249;0;0;0;0;0;1
O95274;0;1;1;0;1;1
O95292;1;1;1;1;0;1
O95295;1;1;1;1;1;1
O95299;0;0;0;0;0;1
O95302;1;1;1;1;1;1
O95336;1;1;1;1;1;1
O95359;1;1;1;1;0;1
O95365;1;0;0;0;0;0
O95372;1;1;1;0;0;1
O95379;0;0;1;0;0;0
O95391;0;0;1;0;0;0
O95394;0;0;0;0;1;1
O95400;0;1;0;1;1;1
O95425;1;1;1;1;1;1
O95428;1;1;0;1;0;1
O95433;1;1;1;1;1;1
O95445;1;1;1;1;1;0
O95453;0;0;0;0;0;1
O95460;1;0;0;0;0;0
O95479;1;1;1;0;0;1
O95571;0;0;0;1;1;1
O95630;1;1;1;1;1;1
O95631;1;1;1;1;0;1
O95670;1;1;0;1;1;1
O95678;1;1;1;1;1;1
O95684;1;0;1;1;0;1
O95715;1;1;0;1;1;1
O95716;0;0;0;0;0;1
O95718;0;1;0;1;0;1
O95721;0;1;1;0;0;0
O95747;1;0;1;1;0;0
O95749;0;1;1;1;0;0
O95757;0;1;1;0;0;1
O95758;1;1;1;1;0;1
O95759;0;0;0;1;0;0
O95777;1;1;1;1;1;1
O95782;1;1;1;1;1;1
O95793;0;1;0;1;0;0
O95810;1;1;1;1;1;1
O95816;1;0;0;1;0;1
O95817;1;1;1;1;1;1
O95819;1;1;1;1;0;1
O95822;0;0;0;0;0;1
O95831;0;1;1;1;1;1
O95832;0;1;1;0;0;0
O95833;0;1;0;0;0;0
O95834;0;1;0;0;1;0
O95835;1;0;1;0;0;1
O95837;0;0;0;0;0;1
O95861;1;1;1;1;1;1
O95865;1;1;1;1;1;1
O95881;1;1;0;1;0;0
O95967;1;0;1;0;0;0
O96000;1;1;1;1;1;1
O96005;0;0;1;0;0;1
O96007;0;1;0;0;0;0
O96015;0;1;0;0;0;0
O96019;1;1;1;1;1;1
P00167;1;0;1;1;0;1
P00325;1;1;1;1;1;1
P00326;0;1;0;0;0;1
P00338;1;1;1;1;1;1
P00352;1;1;1;1;1;1
P00367;1;1;1;1;1;1
P00387;1;1;1;1;1;1
P00403;1;1;1;1;0;1
P00441;1;1;1;1;1;1
P00450;1;1;1;1;1;1
P00451;0;1;0;0;0;0
P00488;1;1;1;1;1;1
P00491;1;1;1;1;1;1
P00492;1;0;1;0;0;1
P00505;1;1;1;1;1;1
P00533;0;0;0;0;0;1
P00558;1;1;1;1;1;1
P00568;1;1;1;1;1;1
P00734;1;1;1;1;1;1
P00736;1;1;1;1;1;1
P00738;1;1;1;1;1;1
P00739;1;1;1;1;1;1
P00740;0;0;0;0;1;1
P00742;0;1;0;0;0;1
P00746;1;1;0;1;1;1
P00747;1;1;1;1;1;1
P00748;1;1;1;1;1;1
P00751;1;1;1;1;1;1
P00813;0;1;0;1;1;0
P00915;1;1;1;1;1;1
P00918;1;1;1;1;1;1
P00966;1;1;1;1;1;1
P01008;1;1;1;1;1;1
P01009;1;1;1;1;1;1
P01011;1;1;1;1;1;1
P01019;1;1;1;1;1;1
P01023;1;1;1;1;1;1
P01024;1;1;1;1;1;1
P01031;1;1;1;1;1;1
P01033;0;1;0;0;0;0
P01034;1;1;1;1;1;1
P01040;1;1;1;1;1;1
P01042;1;1;1;1;1;1
P01116;1;1;0;1;1;0
P01266;0;0;1;1;0;0
P01591;1;1;1;1;1;1
P01594;0;1;1;0;1;1
P01599;1;1;1;0;0;0
P01614;1;1;1;1;1;1
P01615;1;1;1;1;1;1
P01619;1;1;1;1;1;1
P01624;1;1;1;1;1;1
P01699;1;0;1;1;1;1
P01700;1;1;1;1;1;0
P01703;1;1;1;1;1;1
P01714;1;1;1;1;1;1
P01717;0;1;0;0;0;0
P01718;1;1;1;1;1;1
P01721;0;1;1;0;0;0
P01742;1;0;1;1;1;1
P01762;1;1;1;1;1;1
P01763;0;0;0;1;0;0
P01766;0;0;0;1;0;1
P01767;0;0;0;0;0;1
P01768;1;1;1;1;1;1
P01772;1;1;1;1;1;1
P01780;1;1;0;0;1;1
P01782;0;1;1;0;0;0
P01834;1;0;0;1;1;1
P01859;1;1;1;1;1;1
P01860;1;1;1;1;1;1
P01861;1;1;1;1;1;1
P01871;1;1;1;1;1;1
P01876;1;1;1;1;1;1
P01877;1;1;1;1;1;1
P01880;0;0;1;0;0;1
P01891;0;1;0;0;0;0
P01903;1;1;1;0;1;0
P01911;0;0;0;0;0;1
P01912;0;0;0;0;1;0
P02042;1;1;1;1;1;1
P02100;0;1;0;0;0;0
P02452;1;1;1;1;1;1
P02458;1;1;1;1;1;1
P02461;1;1;1;1;1;1
P02462;0;0;0;0;0;1
P02511;1;1;1;1;1;1
P02533;1;1;1;1;1;1
P02538;1;1;1;1;1;1
P02545;1;1;1;1;1;1
P02549;1;1;1;1;1;1
P02647;1;1;1;1;1;1
P02649;1;1;1;1;1;1
P02652;1;1;1;1;1;1
P02654;1;1;1;1;1;1
P02655;1;1;1;1;1;1
P02656;1;1;1;1;1;1
P02671;1;1;1;1;1;1
P02675;1;1;1;1;1;1
P02679;1;1;1;1;1;1
P02686;1;1;0;1;1;1
P02724;1;1;1;1;1;1
P02730;1;1;1;1;1;1
P02741;0;1;1;0;0;1
P02743;1;1;1;1;1;1
P02745;0;0;0;0;0;1
P02746;1;1;1;1;1;1
P02747;1;1;1;1;1;1
P02748;1;1;1;1;1;1
P02749;1;1;1;1;1;1
P02750;1;1;1;1;1;1
P02751;1;1;1;1;1;1
P02753;1;1;1;1;1;1
P02760;1;1;1;1;1;1
P02763;1;1;1;1;1;1
P02765;1;1;1;1;1;1
P02766;1;1;1;1;1;1
P02768;1;1;1;1;1;1
P02774;1;1;1;1;1;1
P02775;1;1;1;1;1;1
P02787;1;1;1;1;1;1
P02788;1;1;1;1;1;1
P02790;1;1;1;1;1;1
P02792;1;1;1;1;1;1
P02794;1;1;1;1;1;1
P03950;1;1;1;1;1;1
P03952;1;1;1;1;0;0
P03973;0;1;0;0;0;1
P04003;1;1;1;1;1;1
P04004;1;1;1;1;1;1
P04040;1;1;1;1;1;1
P04070;1;1;1;1;1;1
P04075;1;1;1;1;1;1
P04080;1;1;1;1;1;1
P04083;1;1;1;1;1;1
P04085;0;1;0;0;0;0
P04114;1;1;1;1;1;1
P04150;0;0;0;1;0;0
P04179;1;0;1;1;0;1
P04181;1;1;1;1;1;1
P04196;1;1;1;1;1;1
P04216;1;1;1;1;1;1
P04217;1;1;1;1;1;1
P04259;1;1;1;1;1;1
P04264;1;1;1;1;1;1
P04271;1;0;0;1;1;1
P04275;1;1;1;1;1;1
P04406;1;1;1;1;1;1
P04432;1;0;0;0;0;0
P04433;0;1;0;1;0;0
P04440;1;1;1;1;0;1
P04632;1;1;1;1;1;1
P04792;1;1;1;1;1;1
P04843;1;1;1;1;1;1
P04844;1;1;1;1;1;1
P04899;1;1;1;1;0;1
P04920;0;1;0;0;0;0
P04921;1;1;1;1;1;1
P05023;1;1;1;0;1;1
P05026;0;0;0;1;0;0
P05089;1;1;1;1;1;1
P05090;1;1;1;1;1;1
P05091;1;1;1;1;1;1
P05106;0;0;1;0;0;1
P05109;1;1;1;0;1;1
P05114;1;1;1;1;1;1
P05120;1;1;1;1;1;1
P05141;1;1;1;1;1;1
P05154;0;0;0;0;1;0
P05155;1;1;1;1;1;1
P05156;1;1;1;1;1;0
P05160;1;1;1;1;1;1
P05161;0;1;0;0;0;0
P05164;1;1;1;1;1;1
P05165;0;0;0;1;0;0
P05198;1;1;1;1;1;1
P05204;1;1;1;1;1;1
P05362;1;1;1;1;0;1
P05387;0;0;0;0;0;1
P05388;1;1;1;1;1;1
P05452;1;1;1;1;1;1
P05455;1;1;1;1;1;1
P05496;0;0;0;0;0;1
P05534;1;0;1;1;0;0
P05546;1;1;1;1;1;1
P05556;1;1;1;1;1;1
P05771;0;1;0;0;1;0
P05783;1;1;1;1;1;1
P05787;1;1;1;1;1;1
P05997;1;1;1;1;1;1
P06132;1;1;1;1;0;1
P06239;1;0;0;0;0;0
P06280;0;0;0;1;0;1
P06310;1;1;1;1;1;1
P06312;1;1;1;1;1;1
P06331;1;1;0;1;0;1
P06396;1;1;1;1;1;1
P06454;1;1;1;1;1;1
P06576;1;1;1;1;1;1
P06681;1;1;1;1;1;1
P06702;1;1;1;1;1;1
P06703;1;1;1;1;1;1
P06727;1;1;1;1;1;1
P06730;1;0;1;1;0;1
P06733;1;1;1;1;1;1
P06737;1;1;1;1;1;1
P06744;1;1;1;1;1;1
P06746;0;0;1;0;0;1
P06748;1;1;1;1;1;1
P06753;1;1;1;1;1;1
P06756;1;1;0;0;0;1
P06865;0;1;0;1;0;1
P07099;1;1;0;0;0;1
P07108;1;1;1;1;1;1
P07195;0;0;0;0;0;1
P07196;0;0;0;1;0;1
P07197;1;0;1;0;0;1
P07203;1;1;1;1;1;1
P07225;1;0;1;1;1;1
P07237;1;1;1;1;1;1
P07305;1;1;1;1;1;1
P07339;1;1;1;1;1;1
P07355;1;1;1;1;1;1
P07357;1;1;1;1;1;1
P07358;1;1;1;1;1;1
P07360;1;1;1;1;0;1
P07384;1;1;1;1;1;1
P07437;1;1;1;1;1;1
P07451;1;1;1;1;1;1
P07476;0;0;0;0;0;1
P07585;1;1;1;1;1;1
P07602;1;1;1;1;1;1
P07686;0;1;1;0;0;1
P07737;1;1;1;1;1;1
P07738;1;1;1;1;1;1
P07741;1;1;1;1;1;1
P07814;1;1;1;1;0;1
P07858;1;1;1;1;1;1
P07900;1;1;1;1;1;1
P07902;0;0;0;1;0;0
P07910;1;1;1;1;1;1
P07919;1;1;1;1;1;1
P07942;1;1;1;1;1;1
P07951;1;1;1;1;1;1
P07954;1;1;1;1;1;1
P07996;1;1;1;1;1;1
P07998;1;1;1;1;0;1
P08123;1;1;1;1;1;1
P08133;1;1;1;1;1;1
P08134;1;1;1;1;1;1
P08174;1;1;1;1;1;1
P08185;0;1;0;0;0;0
P08195;1;1;0;1;0;1
P08236;1;1;1;1;1;1
P08237;1;1;0;0;1;0
P08238;1;1;1;1;1;1
P08246;1;0;0;0;0;0
P08253;1;1;1;1;1;1
P08294;1;1;1;1;1;1
P08311;1;1;1;1;1;1
P08493;1;1;1;1;1;1
P08514;1;1;1;1;1;1
P08519;1;0;1;0;1;1
P08559;1;1;1;1;1;1
P08567;0;0;0;0;1;0
P08571;1;1;1;1;1;1
P08572;1;0;1;1;0;1
P08574;1;1;1;1;1;1
P08579;0;1;1;0;0;0
P08590;0;0;1;0;0;0
P08603;1;1;1;1;1;1
P08621;1;1;1;1;1;1
P08648;0;1;1;1;1;1
P08670;1;1;1;1;1;1
P08697;1;1;1;1;1;1
P08708;1;1;1;1;1;1
P08727;1;1;1;1;1;1
P08729;1;1;1;1;1;1
P08754;0;1;0;1;0;0
P08758;1;1;1;1;1;1
P08779;1;1;1;1;1;1
P08865;1;1;1;1;1;1
P08962;0;0;0;0;0;1
P08F94;1;0;0;1;1;0
P09012;1;1;0;1;0;1
P09104;1;1;1;1;1;1
P09110;1;1;1;1;1;1
P09211;1;1;1;1;1;1
P09234;0;0;0;1;0;1
P09382;1;1;1;1;1;1
P09417;1;1;0;1;1;1
P09429;1;1;1;1;1;1
P09467;1;1;1;1;1;1
P09486;1;1;1;1;1;1
P09488;0;0;0;0;1;0
P09493;1;1;1;1;1;1
P09496;1;1;1;1;1;1
P09497;1;1;1;1;1;1
P09525;1;1;1;1;1;1
P09543;1;1;1;1;1;1
P09601;1;1;1;0;0;1
P09619;0;1;0;0;0;0
P09622;1;1;1;1;1;1
P09651;1;1;1;1;1;1
P09661;1;1;1;1;1;1
P09668;1;0;0;0;0;0
P09669;1;1;1;1;1;1
P09758;1;1;0;0;1;1
P09871;1;1;1;1;1;1
P09874;1;1;1;1;1;1
P09914;0;0;1;1;1;1
P09917;0;0;1;0;0;0
P09936;1;1;1;1;1;1
P09960;1;1;1;1;1;1
P09972;1;1;1;1;1;1
P0C0L4;1;1;0;0;0;0
P0C0L5;1;1;1;1;1;1
P0C0S5;0;1;0;1;0;1
P0C6C1;0;0;0;0;0;1
P0C6P0;1;0;0;0;0;0
P0C7P0;0;0;1;1;0;0
P0C7P4;1;1;1;1;1;1
P0C7T5;0;0;0;1;1;0
P0C870;0;0;1;0;0;0
P0CG12;0;1;0;0;1;1
P0CG35;0;0;0;1;1;1
P0DJI8;1;0;1;1;0;1
P0DJI9;0;1;1;0;0;1
P0DMM9;1;0;0;1;0;0
P0DMV8;1;1;1;1;1;1
P0DOX2;1;1;1;1;1;0
P0DOX4;1;1;1;1;1;1
P0DOX5;1;1;1;1;1;1
P0DOX7;1;1;1;1;1;1
P0DOX8;0;1;1;0;0;1
P0DOY3;0;0;0;0;1;0
P0DP01;0;1;0;0;0;0
P0DP04;1;1;1;1;1;1
P10109;1;1;1;1;1;0
P10114;0;1;0;0;0;0
P10155;0;1;1;1;1;1
P10253;1;1;1;1;1;1
P10276;1;0;1;0;0;0
P10301;0;1;0;0;0;0
P10398;0;0;1;0;0;1
P10412;1;1;1;1;1;1
P10515;1;1;1;1;1;1
P10599;1;0;1;1;1;0
P10606;1;1;1;1;1;1
P10619;1;1;1;1;1;1
P10636;1;1;0;1;0;0
P10643;0;1;1;1;1;1
P10644;1;1;1;1;1;1
P10720;1;0;1;1;0;1
P10768;1;1;1;1;1;1
P10809;1;1;1;1;1;1
P10909;1;1;1;1;1;1
P11021;1;1;1;1;1;1
P11047;1;1;1;1;1;1
P11137;0;0;0;0;0;1
P11142;1;1;1;1;1;1
P11166;1;1;1;1;1;1
P11171;1;1;1;1;1;1
P11172;0;0;0;0;0;1
P11177;1;1;1;1;1;1
P11182;1;1;0;1;0;1
P11216;1;1;1;1;1;1
P11217;1;0;0;0;0;0
P11233;1;1;1;1;1;1
P11234;0;1;1;0;1;1
P11277;1;1;1;1;1;1
P11279;1;1;1;1;0;1
P11310;1;1;0;1;0;1
P11387;0;1;0;1;0;1
P11388;0;0;0;1;0;0
P11413;1;1;1;1;1;1
P11498;0;0;0;0;0;1
P11532;1;0;0;0;0;0
P11586;1;1;1;1;1;1
P11766;1;1;1;1;1;1
P11908;0;0;0;0;1;0
P11940;1;1;1;1;1;1
P12035;0;1;1;1;0;0
P12074;1;1;1;1;1;1
P12081;1;1;1;1;1;1
P12107;0;0;0;1;0;0
P12109;1;1;1;1;1;1
P12110;1;1;1;1;1;1
P12111;1;1;1;1;1;1
P12236;1;1;1;1;0;1
P12268;1;1;1;1;1;1
P12270;1;1;1;1;1;1
P12273;1;1;1;1;1;1
P12277;1;1;1;1;1;1
P12429;1;1;1;1;1;1
P12532;1;1;1;1;1;1
P12694;1;1;1;0;0;0
P12724;1;0;1;1;1;1
P12755;0;0;0;0;0;1
P12814;1;1;1;1;1;1
P12829;1;0;1;0;0;1
P12830;1;1;1;1;1;1
P12931;0;0;0;0;0;1
P12955;1;1;1;1;1;1
P12956;1;1;1;1;1;1
P13010;1;1;1;1;1;1
P13073;1;1;1;1;1;1
P13164;1;0;1;1;0;1
P13224;1;0;1;0;0;0
P13284;1;0;0;0;0;0
P13473;1;1;1;0;1;0
P13489;1;1;1;1;1;1
P13569;0;1;0;0;0;0
P13611;1;1;1;1;1;1
P13639;1;1;1;1;1;1
P13645;1;1;1;1;1;1
P13646;1;0;1;1;0;1
P13647;1;1;1;1;1;1
P13667;1;1;1;1;1;1
P13671;1;1;1;0;1;1
P13674;1;1;1;1;0;1
P13693;1;1;1;1;1;1
P13716;1;1;1;1;1;1
P13727;0;0;1;0;0;0
P13746;0;0;0;0;0;1
P13760;0;1;0;0;1;1
P13761;0;0;1;1;0;0
P13796;1;1;1;1;1;1
P13797;1;1;1;1;1;1
P13798;1;1;1;1;1;1
P13804;1;0;1;0;1;1
P13807;1;0;1;0;0;0
P13861;1;1;1;1;1;1
P13928;1;0;1;1;1;1
P13942;1;0;0;0;0;0
P14136;0;0;1;0;0;1
P14151;0;0;1;0;0;0
P14174;1;1;1;1;1;1
P14209;0;1;1;0;0;0
P14314;1;1;1;1;1;1
P14317;1;1;1;1;1;1
P14324;1;1;1;1;0;1
P14384;1;0;1;1;1;1
P14543;1;1;1;1;1;1
P14550;1;1;1;1;1;1
P14555;1;1;1;1;1;1
P14618;1;1;1;1;1;1
P14625;1;1;1;1;1;1
P14649;0;0;1;0;0;1
P14678;1;1;1;1;1;1
P14735;1;1;1;1;1;1
P14770;0;0;1;0;0;0
P14854;1;1;1;1;1;1
P14859;0;0;0;1;0;0
P14866;1;1;1;1;1;1
P14867;0;0;0;0;0;1
P14868;1;1;1;1;0;1
P14923;1;1;1;1;1;1
P14927;1;1;1;1;1;1
P15088;1;1;1;1;1;1
P15090;1;1;1;1;1;1
P15104;0;0;0;0;0;1
P15121;0;0;0;0;1;1
P15144;1;1;0;0;0;1
P15153;1;0;1;0;0;0
P15169;1;1;0;0;0;0
P15170;1;1;0;1;0;1
P15309;0;0;0;0;0;1
P15311;1;1;1;1;1;1
P15374;0;1;0;1;0;1
P15428;0;0;0;0;0;1
P15529;0;1;0;1;0;0
P15531;1;1;1;1;1;1
P15559;0;0;0;0;0;1
P15586;0;1;0;0;0;1
P15880;1;1;1;1;1;1
P15923;1;1;1;0;0;1
P15924;1;1;1;1;1;1
P15927;1;1;1;1;1;0
P15954;1;1;1;0;0;0
P16035;1;1;0;1;1;0
P16070;1;1;1;1;1;1
P16083;0;1;0;1;0;0
P16112;0;0;1;1;0;0
P16144;1;1;1;1;1;1
P16152;1;1;1;1;1;1
P16157;1;1;1;1;1;1
P16190;0;0;0;0;0;1
P16219;1;1;1;0;0;0
P16220;0;1;0;0;1;1
P16278;1;0;1;1;0;1
P16284;1;1;0;1;0;1
P16333;0;0;1;1;0;1
P16401;1;1;1;1;1;1
P16435;0;1;0;0;0;1
P16452;1;1;1;1;1;1
P16455;0;0;0;0;0;1
P16615;0;1;1;0;0;1
P16671;0;1;0;0;0;1
P16885;0;0;0;1;0;0
P16930;1;1;1;1;1;0
P16949;1;1;1;1;1;1
P16989;1;1;1;1;1;1
P17022;0;0;0;0;1;0
P17023;1;0;0;0;0;0
P17028;0;0;1;0;0;0
P17066;1;1;1;0;0;0
P17081;0;0;0;1;0;0
P17096;1;1;1;1;1;1
P17174;1;1;1;1;1;1
P17252;1;1;1;1;0;1
P17275;0;0;0;0;0;1
P17302;0;0;0;0;0;1
P17480;1;1;1;1;1;1
P17516;0;0;0;0;0;1
P17612;0;0;0;1;1;0
P17655;1;1;1;1;1;1
P17661;1;1;1;1;1;1
P17812;0;0;0;0;0;1
P17813;1;0;0;0;0;0
P17844;1;1;1;1;1;1
P17858;1;1;1;1;1;1
P17900;1;1;1;1;1;1
P17931;1;1;1;1;1;1
P17936;1;0;0;1;1;0
P17980;1;1;1;1;1;1
P17987;1;1;1;1;1;1
P18031;0;0;0;0;0;1
P18054;0;0;1;0;0;0
P18077;1;1;1;1;1;1
P18085;0;0;1;1;0;0
P18124;1;1;1;1;1;1
P18206;1;1;1;1;1;1
P18428;1;1;1;1;1;1
P18510;1;1;1;1;1;1
P18577;1;0;0;0;0;0
P18583;1;1;1;1;0;1
P18615;0;0;0;0;0;1
P18621;1;1;1;1;1;1
P18669;1;1;1;1;1;1
P18754;0;0;1;0;0;0
P18827;0;0;0;1;0;0
P18846;1;0;0;0;0;1
P18859;1;1;1;1;1;1
P19012;1;1;1;1;1;1
P19013;1;1;0;1;1;1
P19022;0;0;0;1;0;0
P19105;0;0;1;0;1;1
P19224;0;1;0;0;0;0
P19320;1;1;0;1;0;0
P19338;1;1;1;1;1;1
P19367;1;1;1;1;1;1
P19388;1;1;0;1;1;0
P19404;1;1;1;1;1;1
P19623;1;1;1;0;1;1
P19652;1;1;1;1;1;1
P19784;1;1;1;0;0;1
P19823;1;1;1;1;1;1
P19827;1;1;1;1;1;1
P19838;1;1;1;1;1;1
P19971;1;1;1;1;1;1
P20042;1;1;1;1;1;1
P20061;0;0;0;0;0;1
P20073;1;1;1;1;1;1
P20160;0;0;0;0;0;1
P20226;0;1;0;0;0;0
P20290;0;0;0;1;1;1
P20338;1;0;0;0;0;0
P20339;1;1;1;1;1;1
P20340;0;0;1;1;0;1
P20618;1;1;1;1;1;1
P20674;1;1;1;1;1;1
P20700;1;1;1;1;1;1
P20742;0;0;1;0;0;0
P20774;1;1;1;1;1;1
P20810;1;1;1;1;1;1
P20908;1;1;1;1;1;1
P20930;1;1;1;1;1;1
P20933;1;1;1;1;1;1
P20962;1;1;1;1;1;1
P21108;0;1;0;1;0;0
P21246;1;1;1;1;0;0
P21266;1;1;0;1;1;0
P21281;1;1;1;1;1;1
P21283;0;1;0;0;0;0
P21291;1;1;1;1;1;1
P21333;1;1;1;1;1;1
P21397;0;0;0;0;1;0
P21399;1;1;1;1;1;1
P21589;1;1;1;1;1;1
P21695;1;1;1;1;1;1
P21796;1;1;1;1;1;1
P21810;1;1;1;1;1;1
P21912;1;1;1;1;1;1
P21953;0;1;0;0;0;0
P21964;1;1;1;1;0;1
P21980;1;1;1;1;1;1
P22059;1;1;1;1;0;0
P22061;1;1;1;1;1;1
P22087;1;1;1;1;1;1
P22102;1;1;1;0;0;1
P22105;1;1;1;1;1;1
P22223;0;1;0;0;0;1
P22234;0;1;1;1;0;1
P22307;0;1;0;0;0;1
P22314;1;1;1;1;1;1
P22352;1;1;1;1;1;1
P22392;0;1;1;1;1;1
P22528;0;0;1;0;0;0
P22570;1;1;1;1;1;1
P22612;1;0;0;0;0;0
P22626;1;1;1;1;1;1
P22692;0;1;0;1;0;1
P22695;1;1;1;1;1;1
P22735;0;0;0;0;0;1
P22830;1;1;1;1;0;0
P22888;0;0;1;0;0;0
P22897;0;1;0;0;0;0
P23025;0;1;1;0;0;1
P23083;0;1;1;1;1;0
P23141;1;1;1;1;0;1
P23142;1;1;1;1;1;1
P23229;1;1;1;1;1;1
P23246;1;1;1;1;1;1
P23276;0;0;0;0;0;1
P23284;1;1;1;1;1;1
P23368;0;1;0;0;0;0
P23381;1;1;1;1;1;1
P23396;1;1;1;1;1;1
P23497;1;0;0;0;0;1
P23526;1;1;1;1;1;1
P23528;1;1;1;1;1;1
P23588;1;1;1;1;1;1
P23610;0;1;0;0;0;1
P23634;1;1;1;1;1;1
P23771;1;0;1;0;1;1
P23786;1;1;0;0;1;1
P23919;1;0;0;0;1;0
P23946;1;1;1;1;1;1
P24158;1;0;0;0;0;0
P24534;1;1;1;1;1;1
P24539;1;1;1;1;1;1
P24593;1;1;0;1;1;1
P24666;1;1;1;1;1;0
P24752;1;1;1;1;1;1
P24821;1;1;1;1;1;1
P24844;1;1;1;1;1;1
P24928;0;1;0;1;0;1
P25067;0;0;0;0;0;1
P25098;0;1;0;0;0;0
P25189;0;0;1;1;0;1
P25205;0;1;1;0;0;0
P25311;1;1;1;1;1;1
P25325;1;1;1;1;1;1
P25391;0;0;0;0;0;1
P25398;1;1;1;1;1;1
P25440;1;0;1;0;1;0
P25685;1;1;1;1;1;1
P25686;0;0;1;1;1;1
P25705;1;1;1;1;1;1
P25774;0;0;0;1;1;1
P25786;1;1;1;1;1;1
P25787;1;1;1;1;0;1
P25788;1;1;1;1;1;1
P25789;0;1;1;1;1;1
P25815;0;0;0;1;0;1
P25940;1;1;1;1;0;0
P25963;1;1;1;1;0;1
P26006;0;1;0;1;0;1
P26038;1;1;1;1;1;1
P26196;0;1;1;0;0;1
P26368;1;1;1;1;1;1
P26373;1;1;1;1;1;1
P26440;1;1;1;1;1;1
P26447;1;1;1;1;1;1
P26583;1;1;1;1;0;1
P26599;1;1;1;1;1;1
P26639;0;1;1;0;0;1
P26640;1;1;1;1;1;1
P26641;1;1;1;1;1;1
P26885;1;0;0;0;1;0
P27105;1;1;1;1;0;1
P27144;1;1;1;1;1;1
P27169;0;0;0;0;0;1
P27338;1;1;1;1;0;1
P27348;1;1;1;1;1;1
P27361;1;1;1;1;0;1
P27469;0;1;0;0;0;0
P27482;1;1;1;1;1;1
P27487;1;1;0;1;0;1
P27540;0;0;1;0;0;0
P27635;1;1;1;1;1;1
P27694;1;1;1;1;0;1
P27695;1;1;1;1;1;1
P27708;1;0;1;1;1;1
P27797;1;1;1;1;1;1
P27816;1;1;1;1;1;1
P27824;1;1;1;1;1;1
P27986;0;0;1;0;0;0
P28062;0;0;0;0;1;0
P28065;1;1;0;1;1;0
P28066;1;1;1;1;1;1
P28070;1;1;1;1;1;1
P28072;1;1;1;1;1;1
P28074;1;1;1;1;1;1
P28161;0;1;0;0;0;0
P28289;1;1;1;1;1;1
P28300;1;1;1;1;1;1
P28331;1;1;1;1;1;1
P28482;1;1;1;1;1;1
P28676;0;0;1;0;0;1
P28715;0;1;0;0;0;0
P28799;0;1;0;1;1;1
P28838;1;1;1;1;1;1
P28906;0;1;0;1;1;1
P29083;0;1;1;1;1;0
P29144;1;0;1;0;0;0
P29218;0;1;1;0;1;1
P29350;0;1;1;0;1;1
P29353;0;1;0;0;0;1
P29373;0;1;0;1;0;1
P29401;1;1;1;1;1;1
P29466;1;1;1;0;1;1
P29508;1;1;1;1;1;1
P29536;1;0;0;1;0;1
P29590;1;1;1;1;1;1
P29622;1;0;0;1;0;0
P29692;1;1;1;1;1;1
P29762;0;1;0;0;0;1
P29966;1;0;0;1;1;1
P29972;1;0;0;0;0;0
P29992;0;0;1;1;0;0
P30038;1;1;1;1;1;1
P30040;0;1;1;1;1;1
P30041;1;1;1;1;1;1
P30042;1;1;1;1;0;1
P30043;1;1;1;1;1;1
P30044;1;1;1;1;1;1
P30046;1;1;1;1;1;1
P30048;1;1;1;1;1;1
P30049;1;1;1;1;1;1
P30050;1;1;1;1;1;1
P30084;1;1;1;1;1;1
P30085;1;1;1;1;1;1
P30086;1;1;1;1;1;1
P30101;1;1;1;1;1;1
P30153;1;1;1;1;1;1
P30304;0;0;0;0;0;1
P30405;1;1;1;1;0;1
P30419;1;1;0;0;1;1
P30453;0;0;0;1;0;0
P30455;0;1;0;0;0;0
P30464;1;0;0;0;0;1
P30484;0;1;1;0;0;1
P30485;0;0;0;0;1;0
P30499;0;1;0;0;0;0
P30511;0;1;1;0;0;1
P30519;1;1;1;0;0;1
P30533;1;1;0;1;1;1
P30566;1;1;1;1;1;1
P30613;1;1;1;1;1;0
P30622;1;1;1;1;1;1
P30626;1;1;1;1;1;1
P30711;1;0;1;0;0;1
P30740;1;1;1;1;1;1
P30837;1;1;1;1;1;1
P30838;1;1;1;1;1;1
P30876;0;1;1;0;0;1
P31040;1;1;1;1;1;1
P31146;1;1;1;1;1;1
P31150;1;1;1;1;1;1
P31151;1;1;1;1;1;1
P31153;1;1;1;1;1;1
P31483;0;0;0;0;0;1
P31749;0;0;1;0;0;0
P31930;1;1;1;1;1;1
P31937;0;0;0;1;0;1
P31939;0;1;1;1;1;1
P31942;1;1;1;1;1;1
P31943;1;1;1;1;1;1
P31944;1;1;1;1;1;1
P31946;1;1;1;1;1;1
P31947;1;1;1;1;1;1
P31948;1;1;1;1;1;1
P31949;1;1;1;1;1;1
P31994;1;1;1;1;1;1
P32004;0;1;0;0;0;0
P32119;1;1;1;1;1;1
P32320;0;0;0;1;0;0
P32322;0;0;0;0;0;1
P32455;1;1;1;0;1;1
P32456;0;1;1;1;0;1
P32926;0;1;1;1;0;1
P32969;1;1;1;1;1;1
P33076;1;0;0;1;0;1
P33121;1;1;1;1;1;1
P33151;0;1;0;0;0;1
P33176;1;1;1;1;1;1
P33240;1;1;1;1;0;0
P33241;1;1;1;1;1;1
P33316;1;0;0;1;0;1
P33992;0;0;0;1;0;0
P34096;1;0;1;1;1;0
P34897;1;1;1;1;1;1
P34913;1;1;1;0;0;1
P34932;1;1;1;1;0;1
P35052;0;1;0;0;0;0
P35080;1;1;0;0;1;1
P35221;1;1;1;1;1;1
P35222;1;1;1;1;1;1
P35232;1;1;1;1;1;1
P35237;1;1;1;1;0;1
P35241;1;1;0;0;0;0
P35244;0;1;0;1;0;1
P35268;1;1;1;1;1;1
P35269;1;1;1;1;0;1
P35442;1;0;1;1;1;1
P35443;1;1;1;1;1;1
P35527;1;1;1;1;1;1
P35542;1;1;1;1;1;1
P35555;1;1;1;1;1;1
P35573;0;1;0;1;1;0
P35579;1;1;1;1;1;1
P35580;1;1;1;1;1;1
P35606;1;1;1;1;1;1
P35609;0;0;1;0;0;0
P35611;1;1;1;1;1;1
P35612;1;1;1;0;1;1
P35613;0;1;0;0;1;1
P35625;1;0;0;0;0;1
P35637;1;1;1;1;1;1
P35658;1;0;0;0;0;1
P35659;1;1;1;1;1;1
P35749;1;1;1;1;1;1
P35754;1;0;1;1;0;1
P35813;1;1;1;0;0;0
P35858;0;1;0;1;0;1
P35908;1;1;1;1;1;1
P35914;0;1;1;1;1;0
P35998;1;1;1;1;1;1
P36269;0;1;0;1;1;1
P36507;1;1;1;1;1;1
P36542;1;1;1;1;0;1
P36543;1;1;1;1;1;1
P36578;1;1;1;1;1;1
P36776;1;0;0;0;0;0
P36871;1;1;1;1;0;1
P36873;1;1;1;1;0;1
P36915;1;0;1;1;0;0
P36952;1;1;1;1;1;1
P36954;1;1;0;1;0;1
P36955;1;1;1;1;1;1
P36957;1;1;1;1;1;1
P36969;1;1;0;1;0;0
P36980;0;0;1;1;1;1
P37108;1;1;0;0;1;1
P37198;1;0;0;1;0;1
P37802;1;1;1;1;1;1
P37837;1;1;1;1;1;1
P37840;1;1;0;0;0;0
P38117;1;1;1;1;1;1
P38159;1;1;1;1;1;1
P38405;0;1;0;0;0;0
P38606;1;1;1;1;1;1
P38646;1;1;1;1;1;1
P38919;1;1;1;1;1;1
P39019;1;1;1;1;1;1
P39023;1;1;1;1;1;1
P39059;1;1;1;1;1;1
P39060;1;1;1;1;1;1
P39656;1;0;0;0;0;1
P39687;1;1;1;1;1;1
P40121;1;1;1;1;1;1
P40123;1;1;1;0;1;1
P40222;1;1;0;1;0;0
P40227;1;1;1;1;1;1
P40261;1;1;1;1;1;1
P40306;1;1;1;1;1;1
P40429;1;1;1;1;1;1
P40616;0;0;1;0;0;0
P40763;1;1;1;0;0;1
P40855;1;0;0;1;1;1
P40925;1;1;1;1;1;0
P40926;1;1;1;1;1;1
P40937;0;0;1;1;0;1
P40939;1;1;1;1;1;1
P40967;0;1;0;0;0;1
P41091;1;1;1;1;1;1
P41208;1;0;1;1;0;1
P41218;0;1;0;0;0;0
P41219;1;1;1;1;1;1
P41222;1;1;1;1;1;1
P41223;1;0;0;0;0;0
P41227;0;0;1;0;0;0
P41236;1;1;0;0;1;1
P41250;1;1;1;1;1;1
P41252;1;1;1;1;0;1
P41567;1;1;1;1;1;1
P42025;0;1;0;0;0;1
P42126;1;1;1;0;0;1
P42167;1;1;1;1;1;1
P42224;1;1;1;0;0;1
P42229;1;1;1;1;1;1
P42285;0;1;0;0;0;1
P42330;1;0;1;1;0;1
P42345;0;0;1;0;0;0
P42357;1;1;1;1;1;1
P42566;0;0;1;0;0;1
P42574;0;0;0;1;0;0
P42677;1;1;1;1;1;1
P42704;1;1;1;1;0;1
P42765;1;1;1;1;1;1
P42766;1;1;1;1;1;1
P42773;1;1;1;1;0;1
P42785;1;1;1;1;0;1
P42858;0;0;1;0;0;0
P43007;0;0;0;0;0;1
P43034;1;1;1;1;0;1
P43121;1;1;1;1;1;1
P43155;1;1;0;1;1;1
P43235;0;1;1;0;0;0
P43243;1;1;1;1;1;1
P43246;0;1;0;1;0;0
P43304;1;1;1;1;0;1
P43307;1;0;0;0;0;1
P43308;1;1;0;1;1;1
P43405;1;1;0;0;0;1
P43487;1;1;1;1;1;1
P43652;1;1;1;1;1;1
P43686;1;1;1;1;1;1
P43897;0;1;0;0;0;0
P45381;1;0;0;1;0;1
P45877;0;0;0;1;0;1
P45880;0;1;1;0;0;1
P45954;1;1;1;1;0;1
P45973;0;0;0;0;0;1
P45974;1;1;1;1;1;1
P45984;0;1;0;0;0;0
P45985;0;1;0;1;0;1
P46060;0;0;0;1;1;1
P46063;0;0;1;0;0;1
P46093;0;1;0;0;0;0
P46108;1;1;1;1;1;1
P46109;0;1;1;1;1;1
P46379;0;0;0;1;0;1
P46459;1;1;1;0;1;1
P46734;1;0;0;0;0;0
P46776;1;1;1;1;1;1
P46777;1;1;1;1;1;1
P46778;1;1;1;1;1;1
P46779;1;1;1;1;1;1
P46781;1;1;1;1;1;1
P46782;1;1;1;1;1;1
P46783;1;1;1;1;1;1
P46821;1;1;1;1;1;1
P46926;0;1;1;1;0;0
P46937;1;1;1;1;1;1
P46939;1;1;1;1;1;1
P46940;1;1;1;1;1;1
P46952;0;0;0;0;0;1
P46976;1;1;1;1;1;1
P47224;1;1;0;0;1;0
P47755;1;1;1;1;1;1
P47756;1;1;1;1;1;1
P47813;1;1;1;1;1;1
P47869;0;1;0;0;0;0
P47895;0;0;0;0;0;1
P47897;1;1;1;1;1;1
P47914;1;1;1;1;1;1
P47929;1;1;1;1;1;1
P47985;1;1;0;1;1;1
P48047;1;1;1;1;1;1
P48059;1;1;1;1;0;1
P48061;0;1;1;1;0;1
P48147;1;1;1;0;0;1
P48163;0;0;0;1;1;1
P48426;0;1;1;1;1;0
P48444;1;1;1;1;1;1
P48506;1;1;0;1;1;1
P48539;0;1;0;0;1;1
P48556;1;1;1;0;1;1
P48594;1;1;0;0;1;1
P48634;0;1;0;0;0;0
P48637;1;1;1;1;1;1
P48643;1;1;1;1;1;1
P48668;1;1;1;0;0;1
P48681;1;1;1;1;1;1
P48729;1;1;1;1;0;0
P48735;1;1;1;1;1;1
P48739;1;1;1;0;1;1
P48995;0;1;0;1;0;0
P49023;0;0;1;1;0;1
P49069;0;1;0;1;0;0
P49137;1;0;0;0;0;0
P49189;1;1;1;1;1;1
P49207;1;1;1;1;1;1
P49247;0;1;0;0;0;1
P49257;1;1;1;1;1;1
P49321;1;1;1;1;1;1
P49327;1;1;1;1;1;1
P49354;1;1;1;1;1;1
P49368;1;1;1;1;1;1
P49406;0;0;0;1;0;0
P49407;0;0;0;0;0;1
P49411;1;1;1;1;1;1
P49418;1;0;0;0;0;0
P49419;1;1;1;1;1;1
P49458;1;1;1;1;1;1
P49585;1;1;1;1;1;1
P49588;1;1;1;1;1;1
P49589;0;1;1;1;0;1
P49591;1;1;1;1;1;1
P49593;1;0;0;0;1;1
P49662;1;0;0;0;0;1
P49711;0;0;0;1;0;0
P49720;1;0;0;0;1;1
P49721;1;1;1;1;1;1
P49736;0;1;1;1;1;1
P49746;0;0;1;0;0;0
P49747;1;1;1;1;1;1
P49748;1;1;1;1;1;1
P49750;0;0;1;1;0;1
P49755;1;1;0;0;0;1
P49756;1;1;1;1;1;1
P49757;0;1;0;0;0;1
P49765;1;0;0;0;0;0
P49773;1;1;1;1;1;1
P49790;1;1;1;1;1;1
P49792;0;0;0;0;0;1
P49821;1;1;1;1;0;1
P49862;1;1;1;1;1;1
P49908;1;1;0;1;1;1
P49913;1;1;1;1;0;1
P49914;1;1;0;0;1;1
P49915;0;1;1;1;1;0
P49959;1;1;1;1;1;1
P49961;0;0;0;1;0;1
P50135;1;1;1;1;0;1
P50213;0;1;1;1;1;1
P50238;1;1;1;1;1;1
P50281;1;0;1;0;1;0
P50395;1;1;1;1;1;1
P50402;1;1;1;1;1;1
P50440;1;1;0;1;0;0
P50452;0;1;1;1;0;0
P50453;1;1;0;1;0;1
P50454;1;1;1;1;1;1
P50479;1;1;1;1;0;1
P50502;1;1;1;1;1;1
P50552;1;1;1;1;1;1
P50570;1;1;1;1;1;1
P50579;0;1;1;1;1;1
P50851;0;1;0;0;0;1
P50895;1;1;1;0;1;1
P50897;1;1;0;1;1;1
P50914;1;1;1;1;1;1
P50990;1;1;1;1;1;1
P50991;1;1;1;1;1;1
P50993;0;0;0;0;0;1
P50995;1;1;1;1;1;1
P51114;1;1;0;1;1;1
P51116;0;1;0;0;0;0
P51148;0;1;1;0;1;1
P51149;1;1;1;0;1;0
P51178;0;1;0;1;0;1
P51397;1;1;0;1;1;1
P51398;1;1;1;1;1;1
P51452;1;1;1;1;1;1
P51532;0;1;1;0;0;0
P51553;0;1;1;1;0;1
P51570;1;1;1;1;1;1
P51571;0;1;0;1;0;0
P51572;1;0;0;0;0;1
P51608;1;1;1;1;1;1
P51610;1;1;0;1;0;1
P51648;1;1;1;1;0;1
P51649;1;0;0;0;0;1
P51659;1;1;1;1;1;1
P51665;1;1;1;1;0;1
P51668;0;1;0;0;0;0
P51674;0;0;1;0;0;0
P51688;0;1;0;1;0;0
P51812;0;0;1;0;0;1
P51858;1;1;0;1;1;1
P51884;1;1;1;1;1;1
P51888;1;1;1;1;1;1
P51911;1;1;1;1;1;1
P51970;0;0;0;0;0;1
P51991;1;1;1;1;1;1
P52209;1;1;1;1;1;1
P52272;1;1;1;1;1;1
P52294;1;1;1;0;1;0
P52298;0;1;0;0;0;1
P52434;0;0;0;0;0;1
P52565;1;1;1;1;1;1
P52566;1;1;1;1;1;1
P52597;1;1;1;1;1;1
P52630;1;1;0;0;1;1
P52655;0;0;0;1;0;1
P52849;0;1;0;0;0;0
P52888;1;1;1;1;0;1
P52895;1;0;1;1;1;1
P52907;1;1;1;1;1;1
P52943;1;1;1;1;1;1
P52948;0;1;0;0;0;0
P53004;1;1;1;1;1;1
P53007;1;1;1;0;0;0
P53041;1;0;1;0;0;0
P53365;1;1;1;1;1;1
P53367;1;1;1;1;1;1
P53384;0;0;0;0;1;1
P53396;1;1;1;1;1;1
P53597;0;0;0;0;0;1
P53602;0;1;0;1;0;1
P53618;0;1;0;0;0;1
P53621;1;1;1;1;0;1
P53634;1;1;1;1;1;1
P53680;1;0;1;1;0;0
P53778;0;0;1;0;0;0
P53803;1;0;1;1;0;1
P53805;0;0;0;0;0;1
P53814;1;1;1;1;1;1
P53990;1;1;1;1;0;1
P53992;0;0;1;0;0;1
P53999;1;1;1;1;1;1
P54105;1;1;1;0;0;1
P54108;1;0;0;0;1;1
P54132;0;1;0;0;0;1
P54136;1;1;1;1;1;1
P54289;0;1;0;0;0;1
P54577;1;1;1;1;1;1
P54578;1;1;1;1;1;1
P54619;0;1;0;0;0;0
P54652;1;1;1;1;1;1
P54709;1;1;1;1;0;1
P54725;1;1;1;1;1;1
P54727;1;1;1;1;1;1
P54762;0;0;0;1;0;0
P54802;0;0;0;1;0;0
P54819;1;1;1;1;1;1
P54821;0;0;1;0;0;1
P54851;0;1;0;0;0;1
P54886;0;1;0;0;0;0
P54920;1;1;1;1;1;1
P55000;0;1;1;1;1;1
P55001;1;1;1;1;1;1
P55008;1;1;1;1;0;1
P55010;0;1;0;1;0;1
P55011;0;1;0;0;1;0
P55017;0;0;0;1;0;0
P55036;1;1;1;1;1;1
P55056;0;0;1;0;1;1
P55058;0;1;1;1;1;1
P55060;1;1;1;1;0;1
P55072;1;1;1;1;1;1
P55081;1;1;0;1;1;0
P55083;1;1;1;1;1;1
P55084;1;1;1;1;1;1
P55145;1;1;1;1;1;1
P55201;0;0;0;1;0;0
P55209;1;1;1;1;1;1
P55210;0;1;0;1;0;0
P55259;0;0;0;0;1;0
P55263;1;1;1;1;0;1
P55265;1;1;1;1;0;1
P55268;1;1;1;1;1;1
P55290;1;1;1;1;1;1
P55735;1;1;1;1;1;1
P55769;0;0;1;1;1;1
P55774;0;0;0;0;0;1
P55786;1;1;1;1;1;1
P55795;1;1;1;1;1;1
P55809;1;1;1;1;1;1
P55854;0;0;1;1;0;1
P55884;1;1;1;1;1;1
P56134;1;1;1;1;1;1
P56159;1;0;0;0;0;0
P56181;0;1;1;1;0;1
P56182;1;0;0;0;0;0
P56211;1;1;0;1;1;1
P56277;0;1;0;0;0;1
P56378;0;1;1;0;0;0
P56381;1;0;1;0;0;1
P56385;1;1;1;1;1;1
P56524;0;0;0;0;0;1
P56537;1;1;1;1;1;1
P56556;1;1;0;1;0;1
P56705;0;0;0;0;0;1
P57735;0;0;0;0;0;1
P57764;1;0;1;0;0;0
P57772;0;0;1;0;0;0
P58107;1;1;1;1;1;1
P58340;1;0;0;0;0;0
P58546;1;1;1;1;1;1
P59536;0;1;0;0;0;0
P59665;1;1;0;1;0;1
P59768;0;1;0;0;0;0
P59998;1;1;1;1;1;1
P60022;0;0;0;1;0;1
P60059;1;1;1;0;0;1
P60174;1;1;1;1;1;1
P60228;1;1;1;1;0;1
P60468;1;1;1;1;1;1
P60660;1;1;1;1;1;1
P60709;1;1;1;1;1;1
P60763;1;1;1;0;0;1
P60842;1;1;1;1;1;1
P60866;1;1;1;1;1;1
P60891;0;0;1;0;0;0
P60896;1;1;1;1;1;1
P60900;1;1;1;1;1;1
P60903;1;1;1;1;1;1
P60953;0;0;1;1;0;1
P60981;1;1;1;1;1;1
P60983;1;1;0;1;1;1
P60985;1;1;1;1;1;1
P61019;1;1;1;0;0;1
P61020;0;1;1;1;0;1
P61024;0;0;0;1;0;0
P61026;0;1;1;1;1;1
P61077;1;0;0;0;0;1
P61081;0;0;0;0;0;1
P61086;1;1;1;1;1;0
P61088;1;1;1;1;1;1
P61106;1;1;1;1;0;1
P61158;1;1;1;1;1;1
P61160;1;1;1;1;1;1
P61163;1;1;1;1;1;1
P61201;1;0;1;0;0;1
P61204;1;1;1;1;1;1
P61221;1;1;1;1;1;1
P61224;1;1;1;1;1;1
P61247;1;1;1;1;1;1
P61254;1;1;1;1;1;1
P61289;1;0;0;0;0;0
P61313;1;1;1;1;1;1
P61326;1;1;1;0;0;0
P61353;1;1;1;1;1;1
P61457;1;1;1;0;0;1
P61513;1;1;1;1;0;1
P61586;1;1;1;1;1;1
P61604;0;1;1;1;1;1
P61626;1;1;1;1;1;1
P61758;1;1;1;0;0;1
P61764;0;1;0;0;0;1
P61769;1;1;1;1;1;1
P61803;1;1;0;1;0;1
P61923;0;0;0;1;0;0
P61927;1;1;1;1;1;1
P61964;1;1;1;1;1;1
P61978;1;1;1;1;1;1
P61981;1;1;1;1;1;1
P62072;1;1;1;0;0;0
P62081;1;1;1;1;1;1
P62136;1;1;1;1;1;1
P62140;1;1;1;1;1;1
P62158;1;1;1;1;1;1
P62191;1;1;1;1;1;1
P62195;1;1;1;1;1;1
P62241;1;1;1;1;1;1
P62244;1;1;1;1;1;1
P62249;1;1;1;1;1;1
P62253;0;0;1;0;0;0
P62258;1;1;1;1;1;1
P62263;1;1;1;1;1;1
P62266;1;1;1;1;1;1
P62269;1;1;1;1;1;1
P62273;1;1;1;1;1;1
P62277;1;1;1;1;1;1
P62280;1;1;1;1;1;1
P62304;0;0;1;0;1;0
P62306;1;1;1;1;1;1
P62310;1;1;1;1;1;1
P62312;0;0;0;1;0;1
P62316;1;1;1;1;1;1
P62318;1;1;1;1;1;1
P62328;1;1;1;1;1;1
P62330;0;0;1;0;0;0
P62333;1;1;1;1;1;1
P62341;0;0;0;0;0;1
P62424;1;1;1;1;1;1
P62495;1;1;1;1;1;1
P62633;0;0;0;0;0;1
P62701;1;1;1;1;1;1
P62714;1;1;1;1;1;0
P62736;1;1;1;1;1;1
P62750;1;1;1;1;1;0
P62753;1;1;1;1;1;1
P62805;1;1;1;1;1;1
P62820;0;1;1;0;0;1
P62826;1;1;1;1;1;1
P62829;1;1;1;1;1;1
P62834;1;1;1;1;1;1
P62841;1;1;1;1;1;1
P62847;1;1;1;1;1;1
P62851;1;1;1;1;1;1
P62854;1;1;1;1;1;1
P62857;1;1;1;1;1;1
P62861;1;1;1;1;1;1
P62873;1;1;1;1;1;1
P62877;1;1;1;1;1;1
P62879;1;1;1;1;1;1
P62888;1;1;1;1;1;1
P62891;1;0;1;1;0;0
P62899;1;1;1;1;1;1
P62906;0;1;1;0;0;1
P62910;1;1;1;1;1;1
P62913;1;1;1;1;1;1
P62917;1;1;1;1;1;1
P62937;1;1;1;1;1;1
P62942;1;1;1;1;1;1
P62979;1;1;0;1;1;0
P62987;1;1;1;1;1;1
P62993;0;1;1;1;1;1
P62995;1;1;1;0;1;1
P63000;0;0;0;1;1;1
P63010;0;1;0;0;0;1
P63027;1;1;1;1;0;0
P63096;1;1;0;0;1;1
P63104;1;1;1;1;1;1
P63135;0;0;0;0;0;1
P63151;1;1;0;1;1;1
P63165;0;0;0;0;0;1
P63173;1;0;1;1;1;1
P63208;1;1;1;1;0;1
P63220;1;1;1;1;1;1
P63241;1;1;1;1;1;1
P63244;1;1;1;1;1;1
P63261;1;1;1;1;1;1
P63267;1;1;1;1;1;1
P63272;1;1;1;1;0;1
P63313;1;1;0;1;0;1
P67809;1;1;1;1;1;1
P67812;1;0;1;0;0;0
P67936;1;1;1;1;1;1
P68032;1;1;1;1;1;1
P68036;1;1;1;1;1;1
P68104;1;1;1;1;1;1
P68133;1;1;1;0;0;1
P68366;1;1;1;1;1;1
P68371;1;1;1;1;1;1
P68400;1;1;1;1;0;1
P68402;1;1;1;1;1;1
P68431;1;1;1;1;1;1
P68871;1;1;1;1;1;1
P69891;1;1;1;0;1;1
P69905;1;1;1;1;1;1
P78318;1;1;1;1;1;1
P78330;0;0;0;1;0;0
P78332;0;0;1;0;0;0
P78344;1;1;1;1;0;1
P78347;1;1;1;1;1;1
P78363;0;1;0;0;0;0
P78371;1;1;1;1;1;1
P78386;0;1;0;0;0;0
P78406;0;1;0;0;1;1
P78417;1;1;1;1;1;1
P78509;0;1;0;0;0;0
P78527;1;0;1;1;0;1
P78536;1;0;0;0;0;0
P78539;1;1;1;1;1;1
P78559;1;1;1;1;1;1
P80188;0;0;1;1;0;1
P80303;0;1;1;1;1;0
P80404;0;1;0;0;0;0
P80723;0;0;1;1;0;0
P80748;1;1;1;1;1;1
P81605;1;1;1;1;1;1
P82650;1;0;0;1;0;1
P82673;1;0;0;1;0;1
P82909;1;1;1;1;1;1
P82933;0;0;1;0;0;0
P82979;1;1;1;1;1;1
P83110;0;1;0;0;0;0
P83111;0;1;0;0;0;0
P83731;1;1;1;1;1;1
P83916;0;0;0;1;0;0
P84090;1;1;1;1;1;1
P84095;1;1;0;1;0;1
P84098;1;1;1;1;1;1
P84103;1;1;1;1;1;1
P84157;1;1;0;0;0;0
P84243;1;1;1;1;1;1
P85037;1;1;0;1;1;0
P98082;0;1;0;0;0;0
P98095;1;1;1;1;1;1
P98160;1;1;1;1;1;1
P98179;1;1;1;1;1;1
Q00013;1;1;1;1;0;1
Q00059;0;1;0;1;0;1
Q00169;1;1;1;1;0;1
Q00341;1;1;1;1;1;1
Q00577;1;1;1;1;1;1
Q00610;1;1;1;1;1;1
Q00688;1;1;1;1;1;1
Q00796;1;1;1;1;1;1
Q00839;1;1;1;1;1;1
Q01081;1;0;0;1;1;0
Q01082;1;1;1;1;1;1
Q01105;1;1;1;1;1;1
Q01130;1;1;1;1;1;1
Q01196;0;0;0;1;0;1
Q01432;0;1;0;0;0;0
Q01433;1;1;0;0;1;0
Q01469;1;1;1;1;1;1
Q01484;1;0;0;1;0;1
Q01518;1;1;1;1;1;1
Q01523;1;0;0;0;1;0
Q01546;1;0;1;0;0;0
Q01581;1;1;1;1;0;1
Q01628;0;0;0;0;0;1
Q01658;1;1;1;1;1;1
Q01804;1;1;1;1;0;1
Q01813;1;1;1;1;1;1
Q01844;1;1;1;1;1;1
Q01970;0;0;1;0;0;1
Q01995;1;1;1;1;1;1
Q02078;0;0;1;0;0;0
Q02080;1;1;1;0;1;1
Q02218;1;1;1;1;1;1
Q02224;0;0;0;0;1;0
Q02241;0;1;1;0;0;0
Q02252;0;0;0;1;0;1
Q02318;0;0;0;0;0;1
Q02388;1;1;1;1;1;1
Q02413;1;1;1;1;1;1
Q02487;1;1;1;0;0;1
Q02509;0;0;0;1;0;0
Q02539;1;0;0;1;1;0
Q02543;1;1;1;1;1;1
Q02750;0;1;0;0;0;0
Q02790;1;1;1;1;1;1
Q02818;1;1;1;1;1;1
Q02878;1;1;1;1;1;1
Q02952;1;1;1;1;1;1
Q02978;1;1;1;1;1;1
Q02985;0;0;1;1;0;1
Q03001;1;1;1;1;1;1
Q03013;1;0;0;1;0;0
Q03052;0;0;1;1;1;1
Q03135;1;1;1;1;1;1
Q03154;1;1;1;1;1;1
Q03252;1;1;1;1;1;1
Q03468;0;1;1;0;1;0
Q03591;1;1;1;1;1;1
Q04206;0;0;0;1;0;1
Q04323;1;1;1;1;1;1
Q04446;1;1;1;1;1;1
Q04637;1;1;1;1;1;1
Q04695;1;1;1;1;1;1
Q04760;1;1;1;1;1;1
Q04826;0;1;0;0;0;0
Q04828;1;1;0;0;0;1
Q04837;1;1;1;1;1;1
Q04864;1;0;1;0;0;0
Q04900;1;1;1;1;1;1
Q04917;1;1;0;0;1;1
Q05193;0;0;0;1;0;1
Q05209;0;1;1;0;0;0
Q05469;1;0;0;0;1;1
Q05519;1;1;1;1;1;1
Q05682;1;1;1;1;1;1
Q05707;1;1;1;1;1;1
Q06033;1;1;1;1;1;1
Q06124;1;1;1;1;0;0
Q06265;0;0;0;1;0;1
Q06278;1;1;1;1;1;1
Q06323;1;1;1;1;1;1
Q06787;0;0;1;0;0;0
Q06828;1;1;1;1;1;1
Q06830;1;1;1;1;1;1
Q07020;1;1;1;1;1;1
Q07021;1;1;1;1;1;0
Q07065;1;1;1;1;1;1
Q07092;1;1;1;1;1;1
Q07157;1;1;1;1;1;1
Q07283;0;1;0;0;0;0
Q07507;1;1;1;1;1;1
Q07666;1;1;1;0;0;0
Q07812;0;0;1;0;0;1
Q07866;1;1;0;1;0;1
Q07954;1;1;1;1;1;1
Q07955;1;1;1;1;1;1
Q07960;1;1;1;1;1;1
Q08170;1;1;1;1;1;1
Q08174;0;1;1;0;1;0
Q08188;1;1;1;1;1;1
Q08209;1;1;1;1;1;1
Q08211;1;1;1;1;1;1
Q08257;1;1;0;1;1;1
Q08345;1;0;0;0;0;0
Q08378;1;1;1;1;0;1
Q08379;1;1;0;0;1;1
Q08380;1;1;0;1;1;1
Q08397;1;0;0;1;0;0
Q08431;1;1;1;1;1;1
Q08495;1;1;1;1;0;1
Q08499;1;0;0;0;0;0
Q08554;1;1;1;1;1;1
Q08722;1;0;0;0;0;0
Q08752;1;1;0;1;1;1
Q08945;1;1;1;1;0;1
Q08AF3;0;1;0;0;0;0
Q08AM6;0;0;1;0;0;1
Q08J23;0;1;0;1;1;1
Q09028;1;1;1;1;1;1
Q09666;1;1;1;1;1;1
Q0VDD8;0;0;0;0;1;0
Q0VF96;0;0;0;1;1;0
Q0VGL1;1;1;1;1;0;1
Q0ZGT2;1;1;1;0;1;1
Q10567;1;1;0;1;0;1
Q10713;0;1;0;0;0;0
Q11201;0;0;1;0;0;0
Q12765;0;1;1;1;0;1
Q12769;0;0;0;0;0;1
Q12792;1;1;1;1;1;1
Q12797;1;1;1;1;1;1
Q12805;1;1;1;1;1;1
Q12846;1;1;0;0;0;1
Q12857;0;1;1;1;1;1
Q12874;1;1;1;1;1;1
Q12879;0;0;0;1;0;0
Q12882;0;0;1;0;0;0
Q12904;0;1;1;1;1;1
Q12905;0;1;1;1;1;1
Q12906;1;1;1;1;1;1
Q12907;1;1;1;1;1;1
Q12929;0;1;0;0;0;0
Q12931;1;1;1;1;1;1
Q12955;1;1;1;1;0;1
Q12959;0;1;1;0;0;1
Q12965;0;1;0;0;0;0
Q12972;0;1;0;0;0;0
Q12974;0;1;0;1;0;0
Q12996;0;0;1;0;0;0
Q13011;1;1;1;1;1;1
Q13033;0;0;0;1;0;1
Q13045;0;1;0;0;0;1
Q13049;1;1;0;0;0;1
Q13057;0;1;1;1;1;0
Q13085;0;0;0;0;0;1
Q13087;1;0;1;1;0;0
Q13098;0;0;1;1;0;0
Q13103;0;0;0;1;0;1
Q13123;1;0;0;0;0;1
Q13126;1;0;1;1;0;0
Q13127;0;0;0;0;1;0
Q13131;1;1;1;1;0;1
Q13144;1;1;1;1;1;1
Q13148;1;1;1;1;1;1
Q13151;1;1;1;1;1;1
Q13153;0;1;1;0;1;1
Q13155;1;1;1;1;1;1
Q13162;1;1;1;1;0;1
Q13163;0;1;0;0;0;0
Q13177;1;1;1;1;1;1
Q13200;1;1;1;1;1;1
Q13201;0;0;1;0;0;1
Q13228;1;1;1;1;1;1
Q13242;0;1;1;1;1;1
Q13243;1;1;1;1;1;1
Q13247;1;1;1;1;1;1
Q13263;1;1;1;1;1;1
Q13283;1;1;1;1;1;1
Q13308;0;1;1;0;0;1
Q13310;1;1;1;0;1;1
Q13332;1;1;0;0;1;0
Q13347;1;1;1;1;1;1
Q13361;1;1;1;1;1;1
Q13363;1;1;0;1;0;1
Q13393;0;0;1;0;0;0
Q13395;0;0;1;0;0;0
Q13404;1;1;1;1;1;1
Q13405;0;1;1;1;1;1
Q13409;1;1;1;1;1;1
Q13418;1;1;1;1;1;1
Q13424;0;1;0;0;0;0
Q13425;1;1;0;1;1;1
Q13428;0;0;0;0;1;0
Q13435;1;1;1;1;1;1
Q13438;0;0;1;0;0;0
Q13442;1;1;1;1;1;1
Q13445;0;1;1;0;0;0
Q13451;1;1;0;1;0;1
Q13485;0;0;0;0;0;1
Q13492;0;1;0;0;1;1
Q13509;0;0;0;0;0;1
Q13510;1;1;1;1;1;1
Q13522;0;0;0;0;1;0
Q13523;1;1;0;0;0;0
Q13526;1;1;1;1;1;1
Q13541;0;1;0;0;0;0
Q13547;1;1;1;1;1;1
Q13554;0;0;0;0;1;0
Q13557;0;1;0;0;0;1
Q13561;1;1;1;1;1;1
Q13562;0;1;0;0;0;0
Q13564;1;1;0;1;0;0
Q13572;0;0;0;0;0;1
Q13573;0;0;0;1;1;1
Q13576;1;1;0;1;0;0
Q13586;1;0;0;0;0;0
Q13595;1;1;1;1;1;1
Q13596;1;1;1;1;0;1
Q13601;0;1;0;0;0;1
Q13613;1;1;0;0;0;0
Q13618;1;1;1;0;1;1
Q13630;0;0;1;0;0;1
Q13637;0;0;0;1;0;1
Q13642;1;1;1;1;1;1
Q13683;1;1;0;1;1;1
Q13724;0;0;0;0;1;1
Q13740;0;1;0;0;0;0
Q13751;1;1;1;1;1;1
Q13753;1;1;1;1;1;1
Q13765;1;1;1;1;0;1
Q13813;1;1;1;1;1;1
Q13822;0;1;0;0;0;0
Q13835;1;1;1;1;1;1
Q13838;1;1;1;1;1;1
Q13867;1;1;1;1;1;1
Q13868;0;1;0;0;0;0
Q13884;0;0;0;1;0;1
Q13885;1;1;1;1;1;1
Q13895;1;1;0;0;0;1
Q13938;1;1;1;1;1;1
Q13952;0;0;1;0;0;0
Q14002;0;1;0;0;0;0
Q14005;0;0;0;0;0;1
Q14011;1;1;1;1;1;1
Q14019;1;1;1;1;1;1
Q14103;1;1;1;1;1;1
Q14108;0;1;1;1;1;1
Q14112;1;1;1;1;1;1
Q14116;1;1;0;1;1;1
Q14118;0;0;0;0;1;0
Q14126;0;1;0;0;0;1
Q14134;1;1;1;1;1;1
Q14141;0;1;0;1;0;0
Q14151;0;1;0;1;1;1
Q14152;1;1;1;1;1;1
Q14155;1;1;1;1;0;1
Q14157;1;1;1;1;1;1
Q14160;0;1;0;1;0;1
Q14165;0;0;0;1;0;0
Q14166;1;1;1;1;1;1
Q14195;1;1;1;1;1;1
Q14203;1;1;1;1;1;1
Q14204;1;1;1;1;1;1
Q14210;1;1;1;1;1;1
Q14232;0;0;1;0;0;0
Q14240;1;0;1;0;0;1
Q14241;0;1;1;1;0;0
Q14244;1;1;1;1;1;1
Q14247;1;1;1;1;1;1
Q14257;1;1;1;1;1;1
Q14258;0;1;1;1;0;0
Q14314;1;0;0;1;0;1
Q14315;1;1;1;1;1;1
Q14318;0;0;1;0;0;1
Q14320;0;0;0;1;0;1
Q14332;0;0;0;0;0;1
Q14344;0;1;0;0;0;0
Q14353;0;1;1;1;0;1
Q14406;0;0;0;0;0;1
Q14444;1;1;0;1;0;1
Q14498;1;1;1;0;1;1
Q14515;1;1;0;0;1;0
Q14532;0;1;0;0;0;0
Q14533;0;1;0;0;0;0
Q14554;1;1;1;0;1;1
Q14566;1;1;1;1;0;1
Q14574;1;1;1;1;1;1
Q14624;1;1;1;1;1;1
Q14653;0;1;1;0;0;0
Q14667;0;0;0;0;1;0
Q14669;1;1;1;0;1;1
Q14674;0;0;1;0;0;0
Q14677;0;1;1;1;1;1
Q14681;1;0;0;0;0;0
Q14683;1;1;1;1;0;1
Q14690;0;1;1;1;1;1
Q14696;0;1;1;1;1;1
Q14697;1;1;1;1;1;1
Q14738;0;0;1;0;0;0
Q14761;1;0;0;0;0;0
Q14764;1;1;1;1;1;1
Q14767;1;0;1;1;0;1
Q14790;0;0;1;0;0;0
Q14802;0;0;0;0;0;1
Q14839;1;0;1;1;0;0
Q14847;1;1;1;1;1;1
Q14938;0;1;0;0;0;0
Q14956;1;1;1;1;1;1
Q14964;0;0;0;1;0;0
Q14974;1;1;1;1;1;1
Q14978;0;0;1;0;0;0
Q14980;1;1;1;1;1;1
Q14999;0;0;0;0;0;1
Q149N8;0;0;0;1;0;0
Q14BN4;1;1;0;1;0;1
Q14CN4;1;1;1;1;1;1
Q15006;1;1;1;1;0;1
Q15007;1;0;1;1;0;1
Q15008;1;1;1;1;1;1
Q15018;0;1;0;0;0;0
Q15019;1;1;1;1;1;1
Q15020;0;1;1;0;1;1
Q15029;1;1;0;1;1;1
Q15036;1;0;0;0;0;0
Q15038;0;0;1;0;0;0
Q15046;1;1;1;1;1;1
Q15052;0;0;0;0;0;1
Q15056;1;1;1;1;1;1
Q15057;0;1;0;1;1;1
Q15059;0;1;0;1;0;0
Q15063;1;1;1;1;1;1
Q15067;0;1;1;0;0;0
Q15075;1;1;1;1;1;1
Q15084;1;1;1;1;1;1
Q15102;1;1;1;1;1;1
Q15113;1;1;1;1;1;1
Q15120;0;1;1;0;0;1
Q15121;1;1;1;1;1;1
Q15124;1;1;1;1;1;1
Q15125;0;1;0;0;0;1
Q15126;1;1;1;1;1;1
Q15149;1;1;1;1;1;1
Q15154;0;0;0;0;0;1
Q15172;0;0;0;1;0;1
Q15181;1;1;1;1;1;1
Q15185;0;1;1;1;1;1
Q15223;0;1;1;0;0;1
Q15233;1;1;1;1;1;1
Q15257;1;1;0;0;0;1
Q15276;0;0;0;1;0;0
Q15283;0;0;0;0;1;0
Q15287;0;0;0;0;0;1
Q15293;1;1;1;1;1;1
Q15323;1;1;0;1;1;1
Q15365;1;1;1;1;1;1
Q15366;1;1;1;1;1;1
Q15369;0;0;0;0;1;0
Q15370;1;1;0;1;1;1
Q15393;1;1;1;1;0;1
Q15404;1;1;1;1;1;1
Q15413;0;1;0;0;0;0
Q15417;1;1;1;1;1;1
Q15424;1;1;1;1;1;1
Q15427;1;0;0;0;1;1
Q15428;1;1;1;1;0;1
Q15435;1;1;1;1;1;1
Q15436;1;1;1;1;1;1
Q15437;1;1;0;0;0;1
Q15459;1;1;1;1;1;1
Q15468;0;1;1;1;1;1
Q15477;0;1;0;0;0;0
Q15485;0;0;1;0;0;0
Q15517;1;1;1;1;1;1
Q15555;1;1;0;1;1;1
Q15582;1;1;1;1;1;1
Q15599;1;1;1;0;1;1
Q15628;0;0;1;0;1;1
Q15631;1;1;1;1;1;1
Q15637;0;1;1;1;1;1
Q15642;1;1;0;0;0;0
Q15651;1;1;0;1;1;1
Q15654;1;1;1;1;1;1
Q15661;1;1;1;1;1;1
Q15672;0;0;1;0;0;1
Q15691;1;1;1;1;1;1
Q15700;0;0;1;0;0;0
Q15717;1;1;1;1;1;1
Q15738;1;1;0;0;1;1
Q15746;1;1;1;1;1;1
Q15773;1;1;1;1;1;1
Q15785;0;1;1;1;1;1
Q15796;0;1;0;1;0;1
Q15811;0;1;1;1;0;1
Q15813;0;0;0;0;1;0
Q15814;0;1;0;1;0;1
Q15819;1;1;1;1;1;1
Q15828;1;1;1;1;1;1
Q15833;0;0;0;0;0;1
Q15836;1;1;1;1;1;1
Q15843;1;1;1;1;1;1
Q15904;0;0;0;1;0;0
Q15907;1;1;1;1;1;1
Q15942;1;1;1;1;1;1
Q16134;1;1;1;0;1;1
Q16181;1;1;1;1;1;1
Q16186;0;0;1;0;0;1
Q16204;1;1;1;1;1;1
Q16254;0;0;0;0;1;0
Q16280;1;0;0;0;0;0
Q16352;0;0;1;0;0;0
Q16363;1;1;1;1;1;1
Q16401;1;1;1;1;0;1
Q16531;1;1;1;0;0;1
Q16537;1;0;0;0;0;0
Q16539;0;1;0;1;1;1
Q16543;1;1;1;1;1;1
Q16555;1;1;1;1;1;1
Q16576;1;1;1;1;1;1
Q16585;1;0;0;0;0;0
Q16595;1;1;1;1;0;1
Q16610;1;1;1;1;1;1
Q16627;0;1;1;0;0;0
Q16629;1;1;1;1;1;1
Q16630;0;0;0;0;0;1
Q16637;0;0;1;1;0;0
Q16643;1;1;1;1;1;1
Q16658;1;1;1;1;1;1
Q16666;1;1;1;1;1;1
Q16698;1;1;1;1;1;1
Q16718;1;0;0;1;0;1
Q16719;0;0;1;0;0;0
Q16740;0;1;0;0;0;0
Q16762;1;1;1;1;1;1
Q16774;1;1;1;1;1;1
Q16775;1;0;0;1;1;1
Q16777;1;1;1;1;1;1
Q16778;1;1;1;1;1;1
Q16787;1;1;1;1;1;1
Q16795;0;1;0;1;0;0
Q16798;0;0;0;1;0;0
Q16822;0;0;1;1;0;1
Q16831;0;0;0;0;0;1
Q16836;0;0;1;1;1;1
Q16851;1;1;1;1;1;1
Q16853;1;1;1;1;1;1
Q16864;1;0;0;0;0;0
Q16891;1;1;1;1;1;1
Q17RB8;1;0;0;0;0;0
Q17RN3;0;0;0;0;0;1
Q1KMD3;1;1;1;1;1;1
Q1MSJ5;1;1;0;1;0;1
Q27J81;0;0;1;0;0;0
Q29960;0;0;0;0;1;0
Q29974;1;0;0;0;0;0
Q2M1V0;1;0;0;0;0;0
Q2M2I5;1;0;1;1;1;1
Q2M2Z5;0;0;0;1;0;0
Q2M389;0;0;0;1;0;0
Q2M3G0;0;0;0;1;0;0
Q2NL98;0;0;1;0;0;0
Q2QD12;1;0;0;0;0;0
Q2TAA2;1;1;0;0;0;1
Q2TAY7;1;1;0;1;1;1
Q2TB18;1;0;0;0;0;0
Q2TBA0;0;1;0;0;0;0
Q2UY09;0;1;0;0;0;1
Q32MZ4;1;1;1;1;1;1
Q32P28;0;0;1;1;1;0
Q32P44;1;0;0;0;0;1
Q33E94;0;0;1;0;0;0
Q3KQU3;0;0;1;0;0;1
Q3KQV9;1;1;0;0;0;0
Q3LXA3;1;1;0;1;0;0
Q3MHD2;0;0;1;1;0;0
Q3SY00;0;1;0;0;0;0
Q3YEC7;0;0;0;1;0;0
Q3ZAQ7;0;0;0;0;0;1
Q3ZCM7;1;1;1;1;1;1
Q3ZCQ8;0;0;1;0;1;0
Q3ZCW2;1;1;1;1;1;1
Q49A26;1;0;1;1;0;1
Q4ADV7;0;1;0;0;0;0
Q4G0F5;0;0;0;1;0;0
Q4G0J3;1;1;0;0;0;0
Q4G0N4;0;1;0;0;0;0
Q4KMP7;0;1;0;0;0;0
Q4KMQ2;1;1;1;0;0;0
Q4KN68;0;0;1;0;0;0
Q4KWH8;1;0;0;0;0;0
Q4L180;1;0;0;1;0;1
Q4V328;1;1;0;1;1;0
Q4V9L6;1;0;0;1;0;1
Q4VC31;0;0;0;0;1;0
Q4ZHG4;0;0;0;1;0;0
Q504Y2;0;0;0;1;0;0
Q52LJ0;1;1;0;0;0;0
Q53EL6;1;1;1;1;1;1
Q53ET0;0;0;0;1;0;0
Q53GD3;0;0;0;1;0;0
Q53GG5;1;1;1;1;1;1
Q53H96;0;0;0;0;1;1
Q53LP3;1;1;1;0;0;0
Q53QV2;0;0;1;1;0;0
Q53RD9;0;0;0;0;0;1
Q53RT3;1;1;1;1;1;1
Q53SF7;1;0;0;0;1;1
Q53T59;1;1;1;1;1;1
Q53TN4;0;1;0;0;1;1
Q53TQ3;0;0;1;0;0;0
Q562E7;0;0;0;0;1;0
Q562R1;1;1;1;1;1;1
Q567U6;1;1;0;0;0;1
Q58WW2;0;1;0;0;0;0
Q5BKZ1;0;0;0;0;0;1
Q5D862;1;1;1;1;1;1
Q5H9L2;1;1;0;0;1;1
Q5J8M3;0;1;1;0;0;0
Q5JRA6;0;0;0;0;0;1
Q5JSL3;0;0;1;0;0;1
Q5JT82;0;1;0;1;0;0
Q5JTB6;0;0;0;0;1;0
Q5JTD7;0;0;0;1;0;0
Q5JTJ3;0;1;0;1;1;1
Q5JTV8;1;1;1;1;1;1
Q5JWF2;0;0;0;0;0;1
Q5KU26;0;0;0;0;0;1
Q5MIZ7;0;0;1;0;0;0
Q5R3I4;1;1;0;0;0;0
Q5RKV6;0;1;1;0;1;1
Q5SRE5;1;0;0;0;0;0
Q5SRE7;0;1;1;0;0;0
Q5SSJ5;1;1;1;1;1;1
Q5SVQ8;0;0;0;0;1;0
Q5SYB0;1;0;1;0;0;0
Q5T013;1;0;1;1;0;0
Q5T0W9;0;1;1;0;1;0
Q5T0Z8;1;1;1;1;0;1
Q5T1M5;1;1;0;1;0;1
Q5T3F8;0;0;0;0;1;0
Q5T440;0;0;0;1;0;0
Q5T447;0;0;0;1;1;1
Q5T5M9;1;1;0;1;0;1
Q5T5P2;1;1;1;0;1;1
Q5T699;0;0;1;0;0;0
Q5T6V5;0;1;0;0;0;0
Q5T749;1;1;1;1;1;1
Q5T750;0;0;0;1;0;0
Q5T9A4;1;1;1;1;0;0
Q5TB80;0;0;1;0;0;0
Q5TBA9;0;1;0;0;0;0
Q5TBB1;0;1;1;0;0;0
Q5TCZ1;0;1;0;0;0;0
Q5TDH0;1;1;1;1;1;1
Q5TEJ8;1;1;0;0;0;0
Q5THR3;0;0;1;0;0;0
Q5U5Z8;0;0;0;0;1;0
Q5VIR6;0;0;1;0;0;0
Q5VT79;1;1;1;1;0;1
Q5VU43;0;0;0;1;0;0
Q5VWZ2;1;1;1;0;0;1
Q5VYY2;0;0;0;1;0;1
Q5VZ89;0;0;0;0;1;1
Q5VZF2;0;0;0;0;0;1
Q5XKE5;1;1;1;1;1;1
Q5XKP0;1;0;1;0;0;0
Q5Y7A7;1;0;0;0;0;0
Q63HN8;0;0;0;0;1;0
Q63HR2;0;1;0;1;1;0
Q63ZY3;1;1;0;1;1;1
Q643R3;0;0;0;0;1;0
Q66K66;0;0;0;1;0;0
Q66K74;0;0;0;0;0;1
Q66K79;1;1;0;1;1;1
Q66K89;0;1;0;0;0;0
Q66LE6;0;1;0;0;0;0
Q676U5;0;1;1;0;0;1
Q68CQ1;0;0;1;0;0;0
Q68CZ2;0;1;0;0;0;1
Q68EM7;1;1;1;0;0;1
Q6AI08;0;0;0;1;0;0
Q6DD88;0;1;0;0;0;0
Q6DN90;1;1;0;1;0;1
Q6E0U4;1;1;1;1;1;1
Q6EEV6;1;0;0;0;0;0
Q6EKJ0;1;0;0;0;0;0
Q6EMK4;0;0;0;0;1;0
Q6FI81;1;1;0;1;0;1
Q6GMV3;1;0;1;1;0;1
Q6GQQ9;1;1;0;0;1;1
Q6I9Y2;0;1;0;0;0;1
Q6IA86;0;0;0;1;0;0
Q6IBS0;1;1;1;1;1;0
Q6ICL3;0;1;0;1;0;1
Q6IE36;0;1;1;0;0;0
Q6IQ22;0;1;1;1;0;0
Q6IS14;0;0;1;1;0;0
Q6IS24;0;1;0;0;0;0
Q6JBY9;0;0;0;0;0;1
Q6KB66;1;1;1;1;1;1
Q6N021;0;0;1;1;1;1
Q6N022;0;0;0;0;0;1
Q6NT52;0;0;1;0;0;0
Q6NUI2;0;1;0;1;0;0
Q6NUJ1;0;0;1;0;0;1
Q6NUK1;0;1;1;1;1;1
Q6NVY1;0;0;0;0;1;1
Q6NW29;1;1;1;0;0;1
Q6NW40;0;0;0;0;1;0
Q6NXG1;0;1;0;1;0;0
Q6NXT1;1;1;1;0;0;1
Q6NYC8;0;1;1;0;0;0
Q6NZ67;1;0;0;0;1;0
Q6NZI2;1;1;1;1;1;1
Q6P0A1;0;1;0;0;0;1
Q6P158;0;0;1;0;0;0
Q6P1K2;1;0;1;1;0;0
Q6P1L8;0;1;0;0;0;1
Q6P1N0;0;1;0;0;0;1
Q6P1X6;0;0;0;0;0;1
Q6P2E9;0;1;0;0;0;1
Q6P2Q9;0;1;1;1;1;1
Q6P4F2;0;0;1;0;1;1
Q6P4Q7;0;0;0;0;0;1
Q6P587;0;1;1;1;0;0
Q6P597;1;1;1;1;1;1
Q6P5W5;0;0;0;1;0;0
Q6P9B6;0;0;0;0;0;1
Q6PCB0;1;1;1;1;1;1
Q6PGP7;0;0;0;0;1;0
Q6PI98;0;0;0;0;0;1
Q6PIS1;0;0;0;0;0;1
Q6PKG0;1;1;1;1;1;1
Q6QNY0;0;0;1;0;0;1
Q6QNY1;1;1;1;0;0;0
Q6S8J3;1;1;1;1;1;0
Q6T4R5;0;0;1;0;0;0
Q6UN15;0;0;0;1;1;0
Q6UVK1;0;1;0;1;0;1
Q6UW68;0;0;0;0;0;1
Q6UWP8;1;1;1;1;1;1
Q6UWY2;1;1;0;0;0;1
Q6UWY5;1;1;1;1;1;1
Q6UX71;0;1;0;1;0;0
Q6UXA7;0;0;1;0;0;0
Q6UXB1;1;1;1;0;1;0
Q6UXB8;1;1;1;1;1;1
Q6UXI7;1;0;0;1;1;1
Q6UXI9;0;0;0;0;0;1
Q6UXN9;0;0;1;0;0;0
Q6UY14;0;0;0;0;1;0
Q6V1X1;0;0;1;0;0;0
Q6VMQ6;1;0;0;1;0;0
Q6WCQ1;1;1;0;1;0;1
Q6WKZ4;0;0;0;0;0;1
Q6WN34;0;0;0;0;1;0
Q6XQN6;1;1;1;1;1;1
Q6Y7W6;1;0;1;0;0;0
Q6YHK3;1;1;1;1;1;1
Q6YP21;0;1;0;0;0;0
Q6ZN16;0;0;0;0;1;0
Q6ZP82;1;1;0;0;0;1
Q6ZQY2;1;0;0;0;0;0
Q6ZRS4;0;0;0;0;0;1
Q6ZRV2;1;1;1;1;1;1
Q6ZS81;0;1;0;0;0;0
Q6ZSG1;0;0;0;0;1;0
Q6ZSJ8;0;0;0;1;0;0
Q6ZTN6;0;0;0;0;0;1
Q6ZU35;0;0;1;0;0;0
Q6ZUK4;0;0;0;1;0;0
Q6ZVM7;1;1;0;0;1;1
Q6ZVX7;1;1;1;1;1;1
Q709C8;1;0;0;0;0;1
Q70CQ2;0;0;1;1;0;1
Q70J99;0;0;0;1;0;0
Q70UQ0;0;0;0;1;0;0
Q70Z35;0;0;0;0;0;1
Q712K3;0;0;0;0;0;1
Q71DI3;1;0;1;1;1;1
Q71SY5;0;0;0;0;0;1
Q71U36;1;1;1;1;1;1
Q71UI9;1;1;1;1;0;1
Q765P7;0;0;0;1;0;1
Q76KP1;0;0;0;0;0;1
Q76M96;0;1;0;0;0;0
Q7KZ85;0;1;0;0;0;0
Q7KZF4;1;1;1;1;1;1
Q7L014;1;1;1;1;1;0
Q7L1Q6;0;0;0;1;0;0
Q7L266;1;0;0;0;0;0
Q7L2H7;0;1;0;1;1;1
Q7L576;1;0;1;1;1;1
Q7L5D6;1;0;0;0;0;0
Q7L5N1;0;1;0;0;0;0
Q7L7L0;1;1;1;1;1;1
Q7L7X3;0;0;1;1;0;0
Q7LBC6;1;1;1;1;0;0
Q7LBR1;0;1;0;1;0;0
Q7LG56;1;0;0;0;0;1
Q7RTS7;0;1;1;1;1;1
Q7RTT9;1;1;1;1;1;1
Q7RTU0;0;0;0;0;0;1
Q7RTU5;0;0;0;0;0;1
Q7RTV0;1;1;1;1;1;1
Q7RTY7;0;0;0;1;0;0
Q7Z2X7;0;0;0;1;0;0
Q7Z304;0;0;0;1;0;0
Q7Z388;0;1;1;1;1;1
Q7Z3B1;0;1;0;0;0;0
Q7Z3J2;0;1;0;0;0;0
Q7Z3Y7;1;1;0;1;1;1
Q7Z3Y8;1;0;1;1;0;0
Q7Z3Y9;1;1;0;1;0;0
Q7Z3Z0;0;0;0;1;1;0
Q7Z401;1;1;1;1;1;1
Q7Z406;1;1;1;1;1;1
Q7Z422;1;1;1;0;0;0
Q7Z434;1;1;0;1;0;0
Q7Z465;1;1;1;1;1;1
Q7Z4H3;1;1;0;1;1;1
Q7Z4H8;1;1;1;1;1;1
Q7Z4I7;1;0;0;0;1;0
Q7Z4V5;1;0;0;1;1;1
Q7Z4W1;0;0;0;1;0;0
Q7Z569;0;0;1;0;0;0
Q7Z5L7;1;1;1;1;1;1
Q7Z5L9;1;1;0;0;1;1
Q7Z5N4;0;0;0;1;0;0
Q7Z6K5;1;1;0;1;1;1
Q7Z6M1;0;1;0;0;0;0
Q7Z6Z7;0;1;1;1;0;1
Q7Z794;1;1;1;1;1;1
Q7Z7D3;0;1;0;0;0;0
Q7Z7G0;1;1;1;1;1;1
Q7Z7H5;0;1;1;1;0;1
Q7Z7K0;0;1;1;0;1;0
Q7Z7M0;0;0;0;0;0;1
Q86SG5;0;0;0;0;0;1
Q86SM5;0;1;0;0;0;0
Q86TX2;1;1;1;1;1;1
Q86U28;0;0;0;1;1;1
Q86U42;1;1;1;1;1;1
Q86UE4;1;1;1;1;1;1
Q86UP2;1;1;1;1;1;1
Q86UU1;1;0;0;0;0;0
Q86UX2;1;1;0;1;0;1
Q86UX7;1;1;1;1;0;1
Q86V48;1;1;0;0;0;1
Q86V81;1;1;1;1;1;1
Q86VB7;1;1;1;1;0;1
Q86VF2;0;0;0;0;0;1
Q86VI1;0;0;0;1;0;0
Q86VP6;1;1;1;1;1;1
Q86VR2;1;0;0;0;0;0
Q86VS8;0;1;0;1;0;1
Q86W10;0;0;0;1;1;1
Q86W26;0;0;0;0;0;1
Q86WA6;1;1;1;0;0;1
Q86WI3;1;1;1;1;1;0
Q86WV6;0;1;0;0;0;0
Q86X55;0;1;1;0;1;1
Q86X76;1;0;0;0;0;0
Q86XE3;0;1;0;0;0;0
Q86XI8;0;0;0;0;1;0
Q86XP0;0;0;0;0;0;1
Q86XP3;1;1;0;0;0;1
Q86Y26;0;0;1;0;0;0
Q86Y46;1;1;1;1;1;1
Q86Y56;1;0;0;0;0;0
Q86Y82;1;1;0;0;0;1
Q86YJ5;0;0;0;0;0;1
Q86YV0;0;1;0;0;0;0
Q86YV6;0;0;1;0;0;0
Q86YZ3;1;1;1;1;1;1
Q8IU80;0;1;1;0;0;0
Q8IUD2;0;1;0;0;0;1
Q8IUE6;1;0;0;0;0;0
Q8IUG5;0;0;1;0;0;0
Q8IUL8;0;1;0;1;1;0
Q8IUX7;1;1;1;1;1;1
Q8IV03;0;0;1;0;0;0
Q8IV08;0;1;0;0;0;0
Q8IV33;0;0;0;0;0;1
Q8IVF2;1;1;1;1;1;1
Q8IVF4;1;1;1;1;0;0
Q8IVH8;0;0;0;0;0;1
Q8IVL6;0;1;0;0;0;0
Q8IVL8;0;1;0;1;1;1
Q8IVM0;1;1;0;1;1;1
Q8IVT5;0;0;1;0;0;0
Q8IVV2;0;0;0;0;0;1
Q8IW03;0;0;0;0;1;0
Q8IW19;0;1;0;0;0;0
Q8IW45;1;1;1;1;1;1
Q8IW75;1;1;1;1;1;1
Q8IWS0;0;1;1;0;1;0
Q8IWV8;0;0;0;0;0;1
Q8IWX8;0;1;1;1;0;1
Q8IX04;0;0;1;1;0;0
Q8IX12;0;1;0;0;0;1
Q8IXL7;0;1;0;0;0;1
Q8IXM3;0;1;0;0;0;1
Q8IXQ3;1;1;1;0;1;0
Q8IXS6;1;0;0;0;0;0
Q8IXU6;1;0;0;0;0;0
Q8IY81;0;0;1;0;0;1
Q8IYG6;1;0;0;0;0;0
Q8IYI6;1;1;1;0;0;1
Q8IYM1;0;0;0;1;1;0
Q8IYT1;0;0;0;0;1;0
Q8IYU2;1;0;1;0;0;0
Q8IZ41;1;0;0;0;0;0
Q8IZ73;1;0;0;0;1;0
Q8IZ83;1;1;1;1;1;1
Q8IZC6;0;0;0;0;0;1
Q8IZD9;1;0;0;0;0;0
Q8IZL8;0;0;0;1;0;1
Q8IZP0;1;1;1;1;1;1
Q8IZP2;1;0;0;0;0;0
Q8IZQ5;0;1;0;1;1;1
Q8N0X7;1;1;1;1;1;1
Q8N129;1;0;1;1;1;1
Q8N137;0;1;0;0;0;0
Q8N138;0;0;0;0;0;1
Q8N163;1;1;1;1;1;1
Q8N183;0;0;0;0;0;1
Q8N1B4;0;0;1;0;0;1
Q8N1F7;0;0;0;1;0;0
Q8N1G2;1;0;0;0;0;0
Q8N1G4;1;1;1;1;1;1
Q8N1N4;1;1;1;1;1;1
Q8N1Q8;1;1;1;1;1;0
Q8N283;1;0;1;1;0;1
Q8N2S1;1;1;1;1;1;1
Q8N309;0;0;0;1;0;0
Q8N392;0;0;0;0;1;0
Q8N3F0;1;1;0;1;1;0
Q8N3V7;1;1;0;1;1;0
Q8N3Y7;0;0;0;0;0;1
Q8N465;0;0;1;0;0;0
Q8N474;1;1;1;1;1;1
Q8N490;0;1;0;1;0;1
Q8N4C6;0;0;0;0;1;0
Q8N4C8;1;1;1;0;0;1
Q8N4P3;0;1;0;1;1;0
Q8N4T8;0;1;1;1;0;1
Q8N573;0;1;0;0;0;0
Q8N5C6;0;0;0;1;1;0
Q8N684;1;1;1;1;0;1
Q8N6G6;0;1;0;0;0;0
Q8N6H7;0;1;1;0;1;1
Q8N6T0;0;0;0;0;1;0
Q8N7H5;0;1;1;1;1;1
Q8N801;0;1;0;0;0;0
Q8N8N7;0;1;0;0;0;0
Q8N8S7;1;1;1;1;1;1
Q8N944;1;0;0;0;0;0
Q8N987;0;0;0;0;0;1
Q8N9N2;0;1;0;0;1;1
Q8NA19;0;1;0;0;0;0
Q8NB25;1;0;0;0;0;0
Q8NBJ5;1;0;0;0;0;1
Q8NBJ7;1;1;1;1;1;1
Q8NBS9;1;1;1;1;1;1
Q8NBV8;0;0;0;0;0;1
Q8NC26;0;1;0;0;0;0
Q8NC51;1;1;1;1;1;1
Q8NC56;1;1;1;1;0;1
Q8NC74;0;0;1;0;0;1
Q8NCA5;0;0;1;0;0;1
Q8NCI6;1;1;1;1;1;1
Q8NCJ5;0;1;1;1;0;0
Q8NCN5;0;1;0;0;0;0
Q8ND56;0;1;0;0;1;1
Q8NDF8;1;0;0;0;0;0
Q8NDH3;0;0;0;0;0;1
Q8NDI1;0;0;0;0;0;1
Q8NE28;0;0;1;0;0;0
Q8NE71;1;1;1;1;0;1
Q8NEH6;0;0;0;1;0;0
Q8NEK5;0;0;1;0;0;0
Q8NEP3;0;0;0;0;0;1
Q8NEY4;1;1;1;1;0;1
Q8NF64;0;0;1;0;0;0
Q8NFC6;0;0;0;0;0;1
Q8NFH3;0;1;0;0;0;0
Q8NFH5;0;1;1;0;0;0
Q8NFP9;1;0;0;0;0;0
Q8NFU3;1;1;1;0;1;1
Q8NFW1;0;1;0;0;0;0
Q8NFW8;1;1;1;1;1;1
Q8NFX7;0;0;1;0;0;1
Q8NFZ5;0;0;0;0;0;1
Q8NGQ1;0;0;0;0;0;1
Q8NGS6;1;0;0;0;0;0
Q8NHB8;0;0;0;1;0;0
Q8NHP8;0;0;0;1;0;0
Q8NI22;1;0;1;0;1;0
Q8TAC1;1;0;1;0;0;0
Q8TAE6;0;1;1;0;0;0
Q8TAE8;0;0;0;0;0;1
Q8TAG9;0;0;0;0;1;1
Q8TAQ2;0;1;1;1;0;1
Q8TAT6;1;1;1;1;0;1
Q8TB05;0;0;0;0;1;0
Q8TBC3;0;0;1;0;0;0
Q8TBC4;1;1;0;1;0;1
Q8TBX8;0;0;0;0;0;1
Q8TC05;1;0;0;0;0;0
Q8TC07;0;1;0;0;0;0
Q8TC27;1;0;0;0;0;0
Q8TCD5;0;1;0;1;0;1
Q8TCV5;0;0;0;0;0;1
Q8TD16;1;1;1;1;0;1
Q8TD19;0;0;1;0;0;0
Q8TD47;1;0;0;0;1;1
Q8TD55;0;1;0;0;0;0
Q8TD90;0;0;0;0;0;1
Q8TDH9;1;1;1;1;1;1
Q8TDP1;1;0;0;1;0;1
Q8TDZ2;0;1;1;0;0;0
Q8TE54;0;1;0;0;0;0
Q8TE68;1;1;1;1;1;0
Q8TE77;0;0;1;1;0;1
Q8TEA8;0;1;0;0;0;0
Q8TEQ6;0;0;1;0;0;0
Q8TER0;0;1;0;1;0;1
Q8TEY5;0;0;0;0;0;1
Q8TF09;0;1;1;1;1;0
Q8TF46;0;1;0;0;0;0
Q8TF61;0;1;0;1;0;0
Q8TF68;0;0;1;1;0;1
Q8WTS1;1;1;1;0;0;1
Q8WTS6;0;1;0;0;0;0
Q8WTW3;0;0;1;0;0;0
Q8WU90;1;1;1;1;1;1
Q8WUD4;0;1;0;0;0;0
Q8WUF5;1;1;1;1;1;1
Q8WUM0;0;0;0;0;0;1
Q8WUM4;1;1;1;1;1;1
Q8WUP2;0;0;0;0;0;1
Q8WUW1;1;1;1;1;1;1
Q8WUY3;0;1;0;0;0;0
Q8WVJ2;0;1;0;1;1;1
Q8WVM8;1;1;1;1;0;1
Q8WVV4;1;1;1;1;1;1
Q8WVV9;0;0;1;0;0;1
Q8WVY7;1;1;0;1;1;1
Q8WW12;1;1;1;1;1;1
Q8WW59;0;0;0;0;1;0
Q8WWA1;1;1;1;1;1;1
Q8WWI1;1;0;1;1;0;1
Q8WWM7;1;1;1;1;0;1
Q8WWM9;1;0;0;0;0;1
Q8WWP7;0;1;0;0;0;0
Q8WWX9;1;1;1;1;0;1
Q8WWY7;1;1;1;1;1;1
Q8WX92;0;1;0;0;0;1
Q8WX93;1;1;1;1;1;1
Q8WXC6;0;1;0;0;0;0
Q8WXD5;0;0;1;0;0;0
Q8WXF1;1;1;1;1;1;1
Q8WXG9;0;0;0;0;0;1
Q8WXI9;0;0;1;0;0;0
Q8WXX5;0;1;0;1;0;0
Q8WYA6;0;0;0;1;0;0
Q8WYQ3;0;0;0;0;0;1
Q8WZ42;1;0;1;1;0;0
Q8WZ64;1;0;0;0;0;0
Q8WZ82;0;0;0;1;0;0
Q8WZA0;1;1;1;1;1;1
Q8WZA9;0;0;1;0;1;1
Q92466;1;1;1;1;1;1
Q92482;0;1;1;1;1;0
Q92499;1;1;1;1;1;1
Q92506;0;0;0;1;0;0
Q92522;1;1;1;1;1;1
Q92530;1;1;1;1;1;1
Q92541;0;0;0;0;0;1
Q92545;0;0;0;0;0;1
Q92572;0;0;0;0;0;1
Q92575;1;1;1;1;0;1
Q92597;1;1;1;1;1;1
Q92599;1;1;1;1;1;1
Q92600;0;0;1;0;0;1
Q92609;0;1;0;0;0;0
Q92614;1;1;0;0;1;1
Q92615;0;1;1;1;0;1
Q92616;0;0;0;0;1;0
Q92619;0;0;0;0;0;1
Q92620;1;1;1;1;0;1
Q92625;1;0;1;0;0;1
Q92626;0;0;0;1;0;1
Q92629;1;1;0;0;0;0
Q92688;0;1;1;1;1;1
Q92734;1;1;1;1;1;1
Q92743;1;1;0;1;1;1
Q92747;1;0;1;1;1;1
Q92785;1;0;0;0;0;0
Q92797;0;0;0;0;1;0
Q92804;0;1;0;1;0;1
Q92817;1;1;1;1;1;1
Q92820;0;0;1;0;1;1
Q92841;1;1;1;1;1;1
Q92844;0;1;1;1;0;1
Q92878;0;0;1;0;0;1
Q92882;1;1;1;1;1;1
Q92888;0;0;1;0;0;1
Q92890;1;0;1;1;0;1
Q92900;1;1;1;1;0;1
Q92905;1;1;0;0;0;0
Q92922;0;0;0;1;0;1
Q92925;1;0;0;0;0;0
Q92945;1;1;1;1;1;1
Q92947;1;1;1;1;0;1
Q92954;1;1;0;1;0;0
Q92973;1;1;1;0;0;0
Q92974;0;1;0;0;0;0
Q92993;0;0;0;0;0;1
Q93009;1;1;1;0;0;1
Q93034;0;0;0;0;0;1
Q93052;1;1;1;1;1;1
Q93062;1;0;0;1;0;0
Q93077;0;1;0;0;1;0
Q93084;0;1;0;0;1;0
Q93100;0;0;0;0;0;1
Q95IE3;0;0;1;0;0;0
Q969E4;1;1;1;1;1;1
Q969G3;1;0;0;0;0;0
Q969G5;1;1;1;1;1;1
Q969H8;0;0;0;0;0;1
Q969J3;0;1;0;0;0;0
Q969L2;0;1;1;1;1;1
Q969M3;0;0;0;0;0;1
Q969Q0;1;1;1;1;1;1
Q969R2;0;0;1;0;0;0
Q969T3;0;1;0;0;0;0
Q969X1;1;1;1;1;1;1
Q969X5;0;0;0;0;0;1
Q969X6;0;1;1;0;1;0
Q96A26;1;1;1;1;1;1
Q96A33;1;0;1;1;0;1
Q96A35;0;1;1;0;0;1
Q96A49;0;1;0;0;0;1
Q96A65;0;1;0;1;1;1
Q96A72;0;1;1;0;0;0
Q96A84;1;0;0;0;0;0
Q96AB3;0;0;0;1;0;1
Q96AC1;1;1;1;1;1;0
Q96AE4;1;1;1;1;1;1
Q96AE7;0;0;1;1;0;0
Q96AG4;0;0;1;1;1;1
Q96AT1;1;0;0;0;0;0
Q96AT9;0;0;0;0;0;1
Q96AX1;1;0;0;0;0;0
Q96AX9;0;0;1;0;0;0
Q96AY3;1;1;1;1;1;1
Q96B26;0;0;1;1;0;1
Q96B49;1;1;0;0;0;0
Q96B96;0;0;0;0;0;1
Q96B97;1;1;0;1;1;1
Q96BJ3;1;1;1;1;1;1
Q96BM9;1;0;0;1;1;1
Q96BP3;0;1;1;1;1;1
Q96BW5;0;0;0;0;0;1
Q96C19;1;1;1;1;1;1
Q96C23;0;1;0;0;1;1
Q96C86;1;1;1;1;1;1
Q96C90;1;1;1;1;1;1
Q96CG8;1;0;0;0;0;0
Q96CN7;0;0;1;0;1;1
Q96CN9;0;1;0;1;0;0
Q96CP2;1;1;1;1;0;1
Q96CT7;0;1;1;1;1;1
Q96CV9;1;1;1;1;1;1
Q96CW1;1;0;1;1;0;1
Q96CX2;1;1;1;1;1;1
Q96D15;1;1;1;1;1;1
Q96D46;0;1;1;1;0;1
Q96D71;1;0;0;0;0;0
Q96DB5;1;0;1;0;1;0
Q96DC8;0;1;0;1;0;0
Q96DG6;1;1;1;1;1;1
Q96DH6;0;1;1;1;0;0
Q96DI7;1;1;1;1;1;1
Q96DR4;1;0;0;0;0;0
Q96DR8;0;0;0;1;0;0
Q96DV4;0;0;0;0;0;1
Q96E39;0;0;0;1;0;0
Q96EA4;0;0;0;0;0;1
Q96ED9;0;0;0;1;0;0
Q96EH3;0;0;0;0;0;1
Q96EI5;0;0;0;0;1;1
Q96EK5;0;0;1;0;0;0
Q96EL2;0;0;0;0;0;1
Q96EP5;1;1;1;0;0;1
Q96EV2;1;0;1;0;1;1
Q96EY1;1;1;1;1;0;1
Q96EY5;0;1;0;0;0;0
Q96EY8;0;0;0;0;0;1
Q96F63;0;1;0;1;0;0
Q96F85;1;1;0;1;1;1
Q96FL9;0;0;0;0;1;0
Q96FQ6;1;1;1;1;1;1
Q96FV2;1;1;0;0;1;1
Q96FV9;0;1;0;1;0;1
Q96FW1;1;1;1;1;1;1
Q96FZ7;0;0;0;1;0;0
Q96G03;1;1;1;1;1;1
Q96GG9;0;0;1;0;0;0
Q96GV9;1;0;0;0;1;0
Q96GW7;1;1;1;1;0;1
Q96H20;1;0;0;0;0;0
Q96HC4;1;1;1;1;1;1
Q96HE7;1;1;1;1;1;1
Q96HF1;0;0;0;0;0;1
Q96HN2;0;0;0;0;1;0
Q96HR3;0;0;0;0;0;1
Q96HS1;1;1;1;1;1;1
Q96HY6;0;0;0;0;1;0
Q96I15;0;0;0;0;0;1
Q96I24;1;1;1;1;0;1
Q96I25;1;0;0;1;0;0
Q96I99;1;1;1;1;1;1
Q96IR7;0;0;1;0;0;0
Q96IU4;1;1;1;1;1;1
Q96IX5;1;0;0;1;0;0
Q96IY4;1;1;1;1;1;1
Q96IZ0;1;1;1;1;1;1
Q96J66;0;0;0;0;1;1
Q96JB5;0;0;0;1;0;0
Q96JB6;0;0;0;0;0;1
Q96JC1;0;0;0;0;0;1
Q96JC9;0;0;1;0;1;1
Q96JF0;1;0;0;0;0;0
Q96JJ7;0;1;1;0;0;1
Q96JK9;0;0;1;0;0;0
Q96JQ0;0;0;1;1;1;1
Q96JY6;1;1;1;1;1;1
Q96K17;1;1;1;0;1;1
Q96K76;0;0;0;0;0;1
Q96KF7;1;0;0;0;0;0
Q96KP4;1;1;1;1;1;1
Q96L46;1;1;1;1;1;1
Q96L92;0;1;0;0;0;1
Q96L96;0;0;1;1;1;1
Q96LD4;0;1;0;1;1;0
Q96LJ7;0;1;0;1;1;0
Q96LR5;0;1;0;0;0;0
Q96M27;1;1;1;1;0;1
Q96M83;0;1;0;1;0;0
Q96MC2;0;0;1;0;0;0
Q96ME7;1;1;1;0;1;1
Q96MW1;0;0;0;0;0;1
Q96P44;0;0;0;0;1;0
Q96P53;0;0;0;0;1;0
Q96P63;1;1;1;1;1;1
Q96P70;1;0;0;0;0;0
Q96PD5;1;1;1;1;1;0
Q96PE7;1;1;1;1;0;1
Q96PK6;1;1;1;1;1;1
Q96PS1;1;0;0;0;0;0
Q96PU8;0;0;0;0;0;1
Q96PZ0;0;1;1;0;0;0
Q96Q06;1;1;1;1;1;1
Q96Q91;0;0;0;0;0;1
Q96QA5;0;0;1;1;0;1
Q96QD9;0;1;0;0;0;0
Q96QG7;1;1;1;1;0;1
Q96QK1;1;0;1;1;0;1
Q96QR8;1;1;1;1;1;1
Q96QU1;0;0;1;0;0;0
Q96RE7;0;0;0;1;0;0
Q96RF0;1;1;1;1;1;1
Q96RK1;0;0;1;1;0;1
Q96RP9;1;0;0;0;0;1
Q96RW7;0;0;1;1;0;0
Q96S06;1;0;0;0;0;0
Q96S44;0;1;1;0;1;1
Q96S53;1;0;0;0;0;1
Q96S86;1;0;0;0;0;0
Q96SB3;0;1;0;0;0;1
Q96SB4;1;0;0;0;0;0
Q96SL4;0;0;0;0;0;1
Q96SM3;1;0;0;0;0;1
Q96SN8;0;0;0;0;1;0
Q96SQ5;0;0;0;0;1;0
Q96ST3;0;0;0;0;0;1
Q96SZ5;0;0;0;1;1;1
Q96T51;0;1;0;0;0;1
Q96T60;0;1;0;0;0;0
Q96TA1;1;1;1;1;1;1
Q99417;1;1;1;1;1;1
Q99418;1;0;1;0;0;0
Q99426;1;1;1;1;1;1
Q99436;1;1;1;1;1;1
Q99439;1;1;1;1;1;1
Q99447;1;0;0;0;0;0
Q99456;1;1;0;0;0;1
Q99459;0;1;1;1;1;1
Q99460;1;1;1;1;1;1
Q99470;0;1;1;1;0;0
Q99497;1;1;1;1;1;1
Q99523;1;1;1;1;0;1
Q99536;1;1;1;1;1;1
Q99538;1;1;1;1;0;1
Q99541;1;0;0;1;0;1
Q99549;1;0;1;0;1;0
Q99569;0;0;1;0;0;0
Q99575;0;0;0;0;0;1
Q99584;1;1;1;1;0;0
Q99598;1;1;1;1;1;1
Q99611;1;0;1;1;0;1
Q99613;1;0;1;1;1;1
Q99615;0;1;1;1;0;1
Q99623;1;1;1;1;1;1
Q99627;0;1;0;0;0;0
Q99643;0;0;0;0;0;1
Q99698;1;0;1;0;0;0
Q99714;1;1;0;1;1;1
Q99715;1;1;1;1;1;1
Q99719;0;0;1;0;1;0
Q99729;0;1;1;1;1;1
Q99733;1;1;1;1;1;1
Q99747;0;1;0;0;0;0
Q99757;1;1;0;1;1;1
Q99758;0;0;1;0;0;0
Q99784;0;1;0;0;0;0
Q99798;1;1;1;1;1;1
Q99807;0;1;0;0;0;1
Q99811;0;0;0;0;0;1
Q99816;1;1;0;1;0;1
Q99829;1;1;1;1;1;1
Q99832;1;1;1;1;1;1
Q99836;0;1;1;1;0;1
Q99848;0;1;1;0;0;1
Q99873;0;0;1;1;1;1
Q99942;0;0;1;0;0;1
Q99944;0;0;0;0;0;1
Q99959;0;0;0;1;0;1
Q99961;1;1;1;1;1;1
Q99972;0;0;0;1;0;0
Q99996;1;0;0;0;0;0
Q9BPW8;1;1;1;1;1;1
Q9BPX5;1;1;1;0;1;1
Q9BPY8;1;1;1;1;1;1
Q9BQ04;0;0;0;1;0;1
Q9BQ39;0;0;0;1;0;1
Q9BQ51;0;1;0;0;0;0
Q9BQ61;0;0;1;1;0;1
Q9BQ67;0;1;1;0;0;0
Q9BQ69;0;0;0;1;0;1
Q9BQ89;0;0;0;1;0;0
Q9BQE3;0;1;0;0;1;1
Q9BQS8;1;1;0;0;0;0
Q9BR76;1;1;1;1;1;1
Q9BRA0;0;0;0;1;0;1
Q9BRA2;1;1;0;1;0;1
Q9BRF8;1;1;1;1;1;1
Q9BRG1;0;0;0;0;0;1
Q9BRJ7;0;0;0;0;0;1
Q9BRK5;1;0;0;1;0;1
Q9BRP8;1;1;1;1;1;1
Q9BRT3;0;0;1;1;0;1
Q9BRX8;1;1;1;0;0;1
Q9BS26;1;1;1;1;1;1
Q9BS40;1;1;1;1;1;0
Q9BSH4;0;0;1;0;0;0
Q9BSJ8;1;1;1;1;1;1
Q9BSM1;0;0;0;1;0;0
Q9BSN7;0;0;1;1;0;0
Q9BSU3;1;1;0;0;0;1
Q9BSY4;1;1;1;1;0;1
Q9BT09;1;1;1;0;1;0
Q9BT40;0;0;0;0;0;1
Q9BT78;1;1;1;1;1;1
Q9BTC0;0;0;0;1;0;0
Q9BTD8;1;1;1;1;1;1
Q9BTE6;1;0;0;0;0;0
Q9BTL3;0;0;1;1;0;1
Q9BTM9;0;0;0;0;0;1
Q9BTT0;0;0;0;1;0;0
Q9BTU6;1;1;0;0;0;0
Q9BTV4;1;1;1;1;1;1
Q9BTZ2;0;0;0;0;0;1
Q9BU02;1;0;0;0;0;0
Q9BU40;0;1;0;0;0;0
Q9BU89;1;0;1;0;0;1
Q9BUB7;0;1;0;0;0;1
Q9BUD6;0;0;0;1;1;0
Q9BUE0;0;0;0;0;0;1
Q9BUF5;1;1;1;1;1;1
Q9BUH6;1;1;0;1;1;1
Q9BUJ2;1;1;1;1;1;1
Q9BUL8;1;1;1;1;1;0
Q9BUN5;0;0;1;0;0;0
Q9BUP3;1;1;1;1;1;1
Q9BUQ8;1;1;1;1;1;1
Q9BUT1;0;1;0;1;0;1
Q9BV20;0;1;1;0;1;0
Q9BV38;0;0;0;0;0;1
Q9BV40;1;1;1;1;1;0
Q9BV57;1;1;1;1;1;1
Q9BV79;1;1;1;1;1;1
Q9BVA1;1;1;0;0;0;0
Q9BVC4;1;1;1;0;1;0
Q9BVC6;0;0;0;1;0;1
Q9BVJ7;0;1;1;0;0;1
Q9BVK6;1;1;1;1;1;1
Q9BVL2;0;0;0;0;1;0
Q9BVP2;0;0;0;0;1;0
Q9BW04;0;1;1;1;0;1
Q9BW27;0;1;0;0;0;0
Q9BW30;1;1;1;1;1;1
Q9BW72;1;0;0;0;0;0
Q9BW91;0;1;0;0;0;0
Q9BW92;0;0;0;0;0;1
Q9BWD1;1;1;1;1;1;1
Q9BWJ5;1;0;0;0;0;0
Q9BWM7;1;1;1;1;1;1
Q9BWN1;0;1;0;0;0;0
Q9BWT7;0;0;1;1;1;1
Q9BWU0;0;0;1;0;0;0
Q9BWW4;0;1;0;0;1;0
Q9BX40;0;1;0;0;0;0
Q9BX66;1;1;1;1;1;1
Q9BX68;1;1;1;1;1;1
Q9BX97;1;0;0;0;0;0
Q9BXJ4;1;0;0;0;0;0
Q9BXJ9;0;1;0;0;0;1
Q9BXL6;1;0;0;0;0;0
Q9BXN1;1;1;1;1;1;1
Q9BXP5;1;1;1;1;0;1
Q9BXR0;1;0;0;1;1;0
Q9BXV9;1;1;1;1;0;0
Q9BXX0;1;1;0;1;1;1
Q9BY32;0;1;0;0;1;1
Q9BY42;0;1;1;0;0;0
Q9BY43;1;0;0;0;0;0
Q9BY44;1;1;1;1;0;1
Q9BY77;1;0;0;1;0;1
Q9BYB0;0;0;0;0;1;0
Q9BYD3;0;1;1;1;0;1
Q9BYG0;0;0;0;0;0;1
Q9BYG8;0;0;1;0;0;0
Q9BYH8;1;0;1;1;1;1
Q9BYL1;0;0;0;0;0;1
Q9BYX2;0;0;1;0;0;0
Q9BYX7;0;0;0;0;0;1
Q9BZ67;0;0;0;1;0;0
Q9BZE4;1;0;0;0;0;0
Q9BZE9;1;1;0;1;1;1
Q9BZF9;1;1;0;1;0;1
Q9BZG8;0;0;0;1;0;1
Q9BZJ0;1;1;1;1;0;1
Q9BZL1;0;1;0;0;1;0
Q9BZL4;1;1;0;1;1;1
Q9BZM1;0;0;0;0;0;1
Q9BZQ8;0;1;1;1;1;1
Q9BZV1;1;1;1;1;0;0
Q9BZW7;0;0;1;0;0;0
Q9BZZ5;0;1;0;0;0;1
Q9C005;1;0;1;1;1;1
Q9C075;1;1;1;1;1;1
Q9C093;0;0;1;0;0;0
Q9C0B0;0;1;0;0;0;0
Q9C0C2;1;1;1;1;1;1
Q9C0C9;0;0;0;1;0;0
Q9C0E8;0;1;1;0;0;1
Q9C0I4;0;0;1;0;0;0
Q9GZM7;1;1;1;1;1;1
Q9GZN8;1;0;0;1;0;0
Q9GZP4;1;1;1;1;0;1
Q9GZP8;1;1;1;1;0;1
Q9GZS1;0;1;0;1;0;0
Q9GZT3;0;0;0;1;0;0
Q9GZT9;0;0;0;0;1;1
Q9GZU8;0;1;0;0;0;1
Q9GZX5;0;0;1;0;0;0
Q9GZY8;0;1;0;0;0;1
Q9GZZ1;1;1;1;1;0;1
Q9GZZ9;1;1;0;0;0;0
Q9H000;0;0;0;0;0;1
Q9H008;1;1;1;0;1;0
Q9H082;0;0;1;0;0;0
Q9H094;0;0;0;1;0;0
Q9H098;1;1;0;0;0;1
Q9H0C8;0;1;0;0;0;0
Q9H0D6;1;1;0;0;1;1
Q9H0E2;1;1;1;1;1;1
Q9H0M0;0;1;0;0;0;0
Q9H0P0;0;1;0;1;0;0
Q9H0R4;0;1;1;0;0;0
Q9H0R8;1;1;1;1;1;1
Q9H0U6;0;1;1;1;1;1
Q9H0W9;0;1;0;1;0;1
Q9H147;0;1;0;0;0;1
Q9H190;1;0;1;0;0;0
Q9H1E3;1;1;1;1;1;1
Q9H1H9;1;1;1;0;1;0
Q9H1K0;0;1;0;0;0;1
Q9H1Y3;0;0;0;0;1;0
Q9H1Z4;0;0;0;0;0;1
Q9H223;1;1;1;1;1;1
Q9H246;1;0;1;0;0;0
Q9H251;0;1;0;0;0;0
Q9H267;0;0;1;1;0;1
Q9H299;1;1;1;1;1;1
Q9H2C0;1;1;1;0;0;1
Q9H2D6;1;1;1;0;0;1
Q9H2G2;1;1;1;1;0;1
Q9H2J4;0;0;1;0;0;0
Q9H2K8;1;0;0;0;0;0
Q9H2M9;0;0;0;0;1;0
Q9H2S5;1;1;1;1;0;1
Q9H2S9;1;0;0;0;0;0
Q9H2U2;1;1;1;1;1;1
Q9H2W6;1;1;1;0;0;1
Q9H307;1;1;1;0;0;1
Q9H361;0;0;1;0;0;0
Q9H3D4;0;1;1;1;0;1
Q9H3F6;0;0;0;1;1;0
Q9H3G5;1;1;0;1;1;0
Q9H3H3;1;0;1;0;1;1
Q9H3K6;1;1;1;1;1;1
Q9H3N1;0;1;1;0;0;1
Q9H3P2;1;1;1;0;0;0
Q9H3P7;1;1;1;1;1;1
Q9H3Q1;1;1;0;1;1;1
Q9H3S7;1;1;0;0;0;1
Q9H3U1;1;1;1;1;1;1
Q9H3U5;0;0;1;1;0;0
Q9H3U7;0;0;0;1;1;1
Q9H3Y8;1;0;1;0;1;1
Q9H3Z4;0;0;0;0;1;0
Q9H425;1;1;1;1;1;1
Q9H444;1;0;0;0;1;1
Q9H492;1;1;0;1;1;1
Q9H4A4;1;0;0;0;0;1
Q9H4B7;1;0;0;0;0;0
Q9H4E7;0;0;0;1;0;0
Q9H4G0;0;0;0;1;1;0
Q9H4G4;1;1;1;1;1;1
Q9H4M9;1;1;1;1;1;1
Q9H5I5;1;0;0;0;0;0
Q9H5V8;1;0;0;0;0;1
Q9H6A9;0;0;0;0;1;0
Q9H6S3;1;1;1;0;0;1
Q9H6Z4;1;1;1;0;1;1
Q9H7C9;0;1;1;1;0;1
Q9H7E9;0;1;0;0;0;0
Q9H7P6;1;0;0;0;0;0
Q9H7P9;0;0;0;0;0;1
Q9H832;0;0;1;0;0;0
Q9H845;1;0;0;0;0;0
Q9H853;0;1;0;1;0;0
Q9H8L6;0;1;1;1;1;1
Q9H8W4;1;1;1;1;1;1
Q9H910;1;1;1;1;1;1
Q9H936;0;0;1;0;0;1
Q9H939;0;0;1;0;0;1
Q9H993;0;0;1;0;0;0
Q9H9B4;1;1;1;1;0;1
Q9H9G7;0;1;0;0;0;0
Q9H9H4;0;0;0;0;0;1
Q9HA64;1;1;1;0;1;0
Q9HA65;0;0;1;0;0;0
Q9HAB8;1;1;1;1;0;1
Q9HAF1;0;0;1;0;0;1
Q9HAI6;0;0;0;0;0;1
Q9HAT2;0;0;0;0;1;1
Q9HAU0;0;1;0;0;0;0
Q9HAV0;1;1;1;1;1;1
Q9HB07;1;1;1;0;0;1
Q9HB09;0;0;0;0;0;1
Q9HB40;0;1;0;1;1;1
Q9HB55;0;0;1;0;0;0
Q9HB71;0;1;1;1;0;1
Q9HBL0;1;1;1;1;1;1
Q9HBY8;1;0;0;0;0;0
Q9HC07;0;1;0;1;0;1
Q9HC35;1;1;1;1;0;1
Q9HC38;1;1;1;1;1;1
Q9HCB6;1;1;1;1;1;1
Q9HCC9;1;0;1;1;0;0
Q9HCE1;0;0;1;0;0;0
Q9HCF6;0;1;0;0;0;0
Q9HCJ3;0;0;0;0;1;1
Q9HCN6;1;0;1;0;0;0
Q9HCU0;1;1;1;1;0;1
Q9HCY8;1;1;1;1;1;1
Q9HD26;0;0;0;0;0;1
Q9HD42;0;1;1;0;0;0
Q9HDC9;1;0;0;0;0;1
Q9NNW7;0;0;0;1;0;0
Q9NNX1;1;1;1;1;1;1
Q9NP61;0;0;1;0;0;1
Q9NP74;1;1;1;1;1;1
Q9NP79;1;1;1;0;0;1
Q9NP81;1;1;0;0;0;0
Q9NP97;1;0;0;0;0;0
Q9NPA0;1;1;0;1;1;1
Q9NPA8;1;1;0;1;0;0
Q9NPD3;0;1;0;0;1;1
Q9NPE3;0;0;1;1;0;1
Q9NPJ3;1;1;0;0;1;0
Q9NPJ6;0;1;0;0;0;0
Q9NPL8;1;1;0;0;0;1
Q9NQ29;0;0;0;0;1;0
Q9NQ32;1;0;0;0;0;0
Q9NQ38;1;1;1;1;1;1
Q9NQ48;1;0;0;0;0;1
Q9NQ79;0;1;0;1;1;0
Q9NQ86;0;0;1;1;1;0
Q9NQ92;1;0;1;1;0;1
Q9NQC3;1;1;1;1;1;1
Q9NQC7;0;0;0;0;0;1
Q9NQG5;1;1;1;0;0;1
Q9NQP4;0;0;0;1;0;0
Q9NQR4;1;1;1;1;0;1
Q9NQR7;1;0;0;0;0;1
Q9NQT4;1;1;0;0;0;0
Q9NQT5;1;0;0;1;1;1
Q9NQT6;1;0;1;0;0;0
Q9NQW5;0;1;0;0;0;0
Q9NQW7;0;0;1;0;0;0
Q9NQX3;0;0;0;0;0;1
Q9NR12;1;1;1;1;1;1
Q9NR19;0;0;0;0;0;1
Q9NR28;1;1;1;1;1;1
Q9NR30;0;0;0;0;0;1
Q9NR31;0;1;1;0;0;1
Q9NR46;1;1;1;1;1;1
Q9NR48;0;0;0;0;0;1
Q9NR56;1;1;1;0;1;1
Q9NR96;1;0;0;0;0;1
Q9NR99;1;0;0;0;0;0
Q9NRF8;0;0;0;0;0;1
Q9NRF9;0;1;1;1;0;1
Q9NRG0;1;1;1;1;1;1
Q9NRG9;0;1;1;0;0;1
Q9NRH1;1;0;1;0;0;0
Q9NRN5;1;1;1;1;1;1
Q9NRP2;0;1;0;1;0;0
Q9NRV9;1;1;1;1;1;1
Q9NRW7;0;0;0;0;1;0
Q9NRX3;0;1;0;0;0;1
Q9NRX4;1;1;1;1;1;1
Q9NRY2;1;1;0;1;1;0
Q9NS69;0;1;0;0;0;0
Q9NS93;0;0;1;0;0;0
Q9NSA3;0;1;1;1;1;1
Q9NSB2;0;0;0;1;1;0
Q9NSB4;1;1;1;1;1;1
Q9NSC5;0;0;0;0;0;1
Q9NSD9;1;1;1;1;1;1
Q9NSE4;1;0;1;1;0;0
Q9NSY2;1;0;1;1;0;0
Q9NT62;0;1;1;0;0;1
Q9NTI2;0;1;1;1;1;0
Q9NTI5;0;1;0;1;1;0
Q9NTJ4;0;0;1;0;0;0
Q9NTK5;1;1;1;1;1;1
Q9NTX5;1;0;0;1;0;0
Q9NTZ6;1;0;0;1;0;1
Q9NU19;1;1;0;1;0;1
Q9NU22;0;0;1;0;0;0
Q9NUB1;0;0;1;0;0;1
Q9NUG6;0;0;0;0;0;1
Q9NUJ1;0;0;1;0;0;0
Q9NUL3;1;0;0;0;0;0
Q9NUL5;1;0;1;1;1;1
Q9NUP9;1;1;1;1;1;1
Q9NUQ6;0;1;0;0;0;0
Q9NUQ9;0;1;0;0;0;1
Q9NUV9;1;1;0;1;1;1
Q9NV70;1;1;1;0;1;1
Q9NVA2;1;1;1;1;1;1
Q9NVD7;1;1;1;1;1;1
Q9NVH2;0;0;0;1;1;0
Q9NVI7;0;1;1;1;1;1
Q9NVJ2;1;1;1;1;1;1
Q9NVM1;1;0;0;0;0;0
Q9NVP1;0;1;1;0;0;1
Q9NVS2;0;0;0;1;0;1
Q9NVS9;1;0;0;1;0;1
Q9NVT9;0;1;0;0;0;1
Q9NVV0;1;0;1;1;1;0
Q9NVV4;0;0;0;1;0;0
Q9NVZ3;1;1;1;1;1;1
Q9NW38;0;1;0;0;0;0
Q9NW64;0;1;1;1;0;1
Q9NW68;0;1;0;1;0;1
Q9NWB6;1;1;1;0;1;1
Q9NWH9;1;1;1;1;1;1
Q9NWS0;0;0;0;1;0;0
Q9NWT6;0;0;1;0;1;0
Q9NWU1;0;1;0;0;0;0
Q9NWU2;0;1;1;0;0;0
Q9NWV4;0;0;0;0;0;1
Q9NWV8;0;1;0;0;0;0
Q9NX20;0;1;0;0;0;0
Q9NX24;1;1;1;1;1;1
Q9NX40;1;1;1;1;1;1
Q9NX46;1;1;1;1;1;1
Q9NX55;0;1;1;0;0;1
Q9NX62;0;0;0;0;0;1
Q9NX63;1;1;1;1;1;1
Q9NXG2;1;0;1;1;1;1
Q9NXR7;0;0;0;0;0;1
Q9NXV6;1;1;0;1;1;1
Q9NXW2;1;1;0;0;0;0
Q9NXW9;0;1;0;1;1;1
Q9NY15;0;1;0;0;0;0
Q9NY33;1;1;0;1;0;1
Q9NY57;0;1;0;0;0;0
Q9NY91;0;0;0;1;0;0
Q9NYB0;0;1;1;1;0;0
Q9NYC9;0;0;0;1;0;0
Q9NYF8;1;1;1;1;0;0
Q9NYJ1;1;1;0;0;0;1
Q9NYL4;1;1;0;0;0;1
Q9NYL9;0;1;1;1;0;1
Q9NYQ6;0;0;0;0;1;0
Q9NYU2;0;1;1;0;1;1
Q9NZ01;1;1;1;0;1;1
Q9NZ08;1;0;0;0;0;0
Q9NZ32;1;0;1;0;0;0
Q9NZ45;0;1;0;1;0;0
Q9NZ52;1;0;1;0;0;0
Q9NZ63;0;0;0;0;1;0
Q9NZB2;0;1;0;0;0;1
Q9NZD4;1;1;1;1;1;1
Q9NZD8;1;1;1;1;0;1
Q9NZH8;0;1;0;1;0;0
Q9NZJ9;0;1;0;0;0;0
Q9NZL9;1;1;1;1;1;1
Q9NZM1;1;1;1;1;1;1
Q9NZM4;0;0;1;0;0;0
Q9NZN4;1;1;1;1;1;1
Q9NZR1;1;0;0;0;0;1
Q9NZT1;1;1;1;1;1;1
Q9NZT2;0;1;0;0;0;0
Q9NZU5;1;1;0;1;0;0
Q9NZY2;0;0;0;1;0;0
Q9NZZ3;1;1;1;1;1;1
Q9P013;0;1;0;1;0;1
Q9P015;0;1;0;1;1;1
Q9P0G3;0;1;1;0;0;1
Q9P0J0;1;1;1;1;1;1
Q9P0L0;1;1;1;1;0;1
Q9P0M6;0;0;0;1;0;0
Q9P0S3;0;0;0;0;0;1
Q9P0V9;1;1;0;1;1;1
Q9P0X4;1;0;1;1;0;0
Q9P1F3;0;1;1;1;1;1
Q9P1T7;0;0;0;1;0;0
Q9P206;0;1;0;0;0;0
Q9P253;0;0;1;1;0;0
Q9P258;1;1;1;1;1;1
Q9P270;1;1;0;0;1;1
Q9P299;1;0;0;0;1;1
Q9P2A4;0;0;1;0;0;0
Q9P2B2;1;1;0;1;1;1
Q9P2D3;1;0;0;0;0;0
Q9P2E2;0;0;1;0;0;0
Q9P2E3;0;1;0;0;0;0
Q9P2E9;1;1;1;1;1;1
Q9P2I0;0;1;0;0;0;0
Q9P2J5;1;1;0;0;0;1
Q9P2K6;0;0;0;0;0;1
Q9P2P1;0;0;0;0;1;0
Q9P2R3;0;0;0;0;0;1
Q9P2R7;1;1;0;1;0;1
Q9P2T1;1;1;0;1;0;1
Q9P2X3;0;0;1;0;0;0
Q9TQE0;0;0;0;0;0;1
Q9UBB5;0;0;0;0;0;1
Q9UBC2;0;1;0;0;0;0
Q9UBC5;0;1;1;1;0;0
Q9UBD6;0;0;0;0;0;1
Q9UBE0;1;1;1;1;1;1
Q9UBG0;0;1;0;1;1;1
Q9UBI1;0;1;1;1;0;0
Q9UBI6;1;1;1;1;1;1
Q9UBM4;1;0;0;0;0;0
Q9UBM7;0;1;1;1;0;1
Q9UBQ0;1;0;0;0;0;0
Q9UBQ5;1;1;1;1;0;1
Q9UBQ7;1;1;1;1;1;1
Q9UBR2;1;1;1;1;1;1
Q9UBS4;1;1;1;1;1;1
Q9UBT2;0;1;1;1;1;1
Q9UBU9;1;1;1;1;1;1
Q9UBV2;0;1;0;0;0;0
Q9UBV8;0;0;1;1;0;1
Q9UBW8;1;0;1;1;0;1
Q9UBX5;1;1;1;1;1;1
Q9UD71;0;0;0;0;0;1
Q9UDY2;0;0;0;1;0;1
Q9UDY4;1;0;0;0;0;0
Q9UEE9;1;0;1;1;0;0
Q9UEU0;1;0;1;1;0;0
Q9UEW3;0;0;0;1;0;1
Q9UEW8;0;0;0;0;0;1
Q9UEY8;1;1;1;1;1;1
Q9UFN0;1;1;1;1;1;1
Q9UG22;0;0;1;0;0;0
Q9UG63;0;0;0;1;1;1
Q9UGI8;1;1;1;1;1;1
Q9UGM5;1;0;1;0;0;0
Q9UGT4;1;0;0;0;0;0
Q9UH03;0;0;0;0;0;1
Q9UH65;0;1;0;1;0;0
Q9UH73;0;1;0;0;1;0
Q9UH99;1;1;0;1;0;1
Q9UHA4;0;1;0;0;0;1
Q9UHB6;1;1;1;1;1;1
Q9UHB9;1;1;1;1;1;1
Q9UHD8;1;1;1;1;1;1
Q9UHD9;0;1;1;1;1;1
Q9UHG3;0;0;1;1;0;1
Q9UHJ6;0;0;1;0;0;0
Q9UHL4;0;1;1;1;1;1
Q9UHQ9;1;1;1;1;1;1
Q9UHV9;1;1;1;1;0;1
Q9UHX1;1;1;0;1;1;1
Q9UHX3;1;1;0;0;0;1
Q9UI08;1;1;1;0;1;1
Q9UI09;1;1;1;1;1;1
Q9UI10;0;0;0;1;0;1
Q9UI12;0;1;1;0;1;0
Q9UI26;0;0;1;0;0;0
Q9UI42;0;0;0;1;0;0
Q9UID3;0;0;0;0;0;1
Q9UII2;1;1;1;1;1;1
Q9UIJ7;1;1;1;1;1;1
Q9UIL1;1;1;0;1;1;1
Q9UIQ6;0;0;1;0;0;0
Q9UIS9;0;1;0;1;0;1
Q9UIV8;0;1;1;1;1;1
Q9UJ70;1;1;1;1;1;1
Q9UJ72;1;0;0;0;0;0
Q9UJA5;0;0;1;1;1;1
Q9UJC3;0;0;1;1;0;1
Q9UJS0;0;0;1;0;0;0
Q9UJU6;1;1;1;1;1;1
Q9UJW0;1;0;0;0;1;1
Q9UJX3;1;1;1;0;0;1
Q9UJY1;1;1;1;1;1;1
Q9UJY5;0;1;0;0;0;1
Q9UJZ1;0;1;0;1;1;1
Q9UK41;0;0;1;0;0;0
Q9UK45;1;1;1;1;1;1
Q9UK55;0;1;0;0;0;0
Q9UK59;1;0;0;1;1;1
Q9UK76;1;1;0;1;1;1
Q9UK97;0;0;0;0;0;1
Q9UKF6;0;1;1;1;0;1
Q9UKG1;1;1;1;1;1;1
Q9UKK3;0;0;0;0;0;1
Q9UKK9;1;1;1;1;1;1
Q9UKM9;1;1;1;1;1;1
Q9UKS6;1;1;0;1;1;0
Q9UKT9;0;1;0;1;0;1
Q9UKU7;0;0;0;0;0;1
Q9UKU9;1;1;1;1;1;1
Q9UKV3;1;1;1;1;1;1
Q9UKX3;0;0;1;0;0;0
Q9UKX5;1;0;0;0;0;0
Q9UKY7;1;1;1;1;1;1
Q9UL15;1;1;1;1;1;1
Q9UL16;0;0;0;1;0;0
Q9UL25;1;1;1;1;1;1
Q9UL46;1;1;1;1;0;1
Q9ULA0;1;1;1;1;1;1
Q9ULC4;0;1;0;0;0;0
Q9ULH7;0;0;0;0;0;1
Q9ULJ7;0;0;1;0;0;0
Q9ULP0;0;1;1;1;0;1
Q9ULR0;1;1;0;0;0;0
Q9ULV4;1;1;1;1;1;1
Q9ULV8;0;0;0;1;0;1
Q9ULZ3;0;1;1;0;1;1
Q9UM54;0;1;1;0;1;1
Q9UMD9;1;1;1;1;1;1
Q9UMR2;1;1;1;1;1;1
Q9UMS4;1;1;1;1;1;1
Q9UMS6;1;1;1;1;1;1
Q9UMX0;1;1;0;1;1;0
Q9UMX5;0;1;0;1;1;1
Q9UMY4;1;1;1;1;1;1
Q9UN36;1;0;0;1;0;1
Q9UN37;0;0;1;0;0;0
Q9UN70;0;1;1;1;1;0
Q9UN86;1;1;1;1;1;1
Q9UNE7;1;1;1;1;1;1
Q9UNF0;1;1;1;1;0;1
Q9UNF1;0;1;1;1;1;0
Q9UNH7;1;1;1;1;1;1
Q9UNL2;0;1;0;0;0;0
Q9UNM6;1;1;1;0;1;1
Q9UNN5;1;0;0;0;0;0
Q9UNN8;1;1;1;0;0;1
Q9UNS1;0;0;0;0;0;1
Q9UNS2;0;0;0;0;0;1
Q9UNZ2;1;1;1;1;1;1
Q9UP83;0;1;1;1;0;1
Q9UPN3;1;1;1;1;1;1
Q9UPQ0;0;0;0;1;0;0
Q9UPT5;0;0;0;0;0;1
Q9UPW5;1;0;0;0;0;0
Q9UPY8;1;1;1;1;1;1
Q9UQ05;1;0;0;0;0;0
Q9UQ16;0;1;0;0;0;0
Q9UQ35;1;1;1;1;1;1
Q9UQ80;1;1;1;1;1;1
Q9UQB8;0;1;1;0;0;0
Q9UQC9;0;0;0;0;0;1
Q9UQE7;1;1;1;1;0;1
Q9UQM7;1;0;0;0;0;0
Q9UQN3;0;0;0;0;0;1
Q9UQP3;0;0;0;0;0;1
Q9Y224;1;1;1;1;1;1
Q9Y230;1;1;1;1;1;1
Q9Y232;1;1;0;0;0;0
Q9Y237;0;1;1;1;1;1
Q9Y241;1;1;1;1;1;1
Q9Y259;0;0;1;0;0;0
Q9Y262;1;1;1;1;1;1
Q9Y265;1;1;0;1;1;1
Q9Y266;1;1;0;0;0;1
Q9Y281;1;1;1;0;0;1
Q9Y285;1;1;1;1;1;1
Q9Y291;0;0;0;1;0;1
Q9Y295;0;1;1;1;0;1
Q9Y2A7;1;0;0;0;0;0
Q9Y2B0;1;1;1;1;1;1
Q9Y2D0;0;1;0;0;0;1
Q9Y2D4;1;1;1;1;1;1
Q9Y2D5;1;1;1;1;1;1
Q9Y2E4;0;1;1;1;1;0
Q9Y2E5;0;0;0;0;0;1
Q9Y2F9;1;0;1;1;0;0
Q9Y2G0;0;1;0;0;0;0
Q9Y2G5;0;0;0;0;0;1
Q9Y2H1;0;1;0;0;0;0
Q9Y2J2;1;1;0;0;1;1
Q9Y2K6;0;0;0;0;0;1
Q9Y2L9;1;0;0;0;0;0
Q9Y2Q3;0;1;1;1;0;0
Q9Y2Q5;0;0;1;1;1;1
Q9Y2Q9;1;1;1;1;1;1
Q9Y2R0;1;1;1;1;1;1
Q9Y2R4;0;0;1;0;1;0
Q9Y2S0;0;1;1;1;1;1
Q9Y2S2;1;1;1;1;1;1
Q9Y2T2;0;0;0;0;1;0
Q9Y2T3;0;0;0;1;0;1
Q9Y2U8;1;1;0;1;1;1
Q9Y2V2;1;1;1;1;1;1
Q9Y2W1;1;1;1;1;1;1
Q9Y2W2;1;1;0;1;0;1
Q9Y2X3;0;1;0;0;1;1
Q9Y2Z0;1;0;1;0;0;1
Q9Y305;1;1;1;1;1;1
Q9Y315;0;0;0;0;0;1
Q9Y316;1;0;0;0;0;1
Q9Y333;1;0;1;1;1;1
Q9Y337;1;1;1;1;1;1
Q9Y365;1;1;1;1;1;1
Q9Y371;1;1;1;1;1;1
Q9Y383;1;1;1;1;0;1
Q9Y3A3;1;1;1;1;1;1
Q9Y3A5;1;1;1;0;0;1
Q9Y3B4;1;0;0;0;0;0
Q9Y3B8;1;1;1;1;1;1
Q9Y3C0;0;1;0;1;0;1
Q9Y3C1;1;1;0;1;1;1
Q9Y3C6;1;0;1;1;1;1
Q9Y3C7;0;0;0;0;0;1
Q9Y3C8;0;1;1;1;0;1
Q9Y3D0;0;0;0;1;1;0
Q9Y3D6;1;1;1;1;0;1
Q9Y3E1;1;1;0;0;1;1
Q9Y3E7;0;1;0;0;0;0
Q9Y3F4;1;1;0;0;0;1
Q9Y3I0;1;1;1;1;1;1
Q9Y3I1;1;0;0;0;0;0
Q9Y3L3;0;1;1;1;0;1
Q9Y3R4;0;0;1;1;0;0
Q9Y3T9;0;0;0;0;0;1
Q9Y3U8;1;1;1;1;1;1
Q9Y3X0;1;1;0;1;0;1
Q9Y3Y2;0;1;1;1;1;1
Q9Y3Z3;1;1;1;1;1;1
Q9Y446;1;1;1;1;1;1
Q9Y490;1;1;1;1;1;1
Q9Y4D1;0;1;0;0;0;0
Q9Y4E1;0;0;0;1;1;1
Q9Y4E8;1;1;1;1;1;1
Q9Y4F1;0;1;0;1;0;1
Q9Y4F3;1;0;0;0;0;0
Q9Y4G6;1;1;1;1;1;1
Q9Y4G8;0;0;0;0;1;0
Q9Y4K1;1;1;1;1;1;1
Q9Y4K3;1;0;0;0;0;0
Q9Y4K4;1;0;1;1;1;1
Q9Y4L1;1;1;1;1;0;1
Q9Y4P1;0;1;1;0;0;0
Q9Y4P8;0;1;0;1;1;1
Q9Y4W6;0;1;1;0;0;1
Q9Y4X5;0;0;0;1;0;0
Q9Y4Y9;1;1;1;1;0;1
Q9Y4Z0;1;1;1;1;1;1
Q9Y508;0;1;0;1;0;1
Q9Y520;1;0;1;1;0;1
Q9Y548;1;0;0;0;0;0
Q9Y570;1;1;1;1;0;1
Q9Y580;1;0;1;0;0;0
Q9Y5B0;1;0;0;0;0;0
Q9Y5B9;1;1;1;1;0;1
Q9Y5E9;0;0;1;0;0;0
Q9Y5G3;0;0;0;1;0;0
Q9Y5J9;0;1;1;1;1;1
Q9Y5K5;0;0;0;0;0;1
Q9Y5K6;1;0;1;1;1;1
Q9Y5K8;1;1;1;1;1;1
Q9Y5L4;1;0;0;0;0;1
Q9Y5P6;0;0;0;1;0;0
Q9Y5Q8;0;1;0;0;0;0
Q9Y5S9;1;1;1;1;1;1
Q9Y5W9;0;0;0;0;0;1
Q9Y5X1;1;1;1;1;1;1
Q9Y5X3;1;1;1;1;1;1
Q9Y5Y2;1;1;0;1;1;0
Q9Y5Y7;1;0;0;0;0;0
Q9Y5Z4;1;1;1;1;1;1
Q9Y606;0;0;0;0;0;1
Q9Y608;1;1;0;1;1;0
Q9Y613;0;1;0;0;0;1
Q9Y617;1;1;1;1;1;1
Q9Y624;0;0;1;1;0;1
Q9Y657;0;1;1;1;0;0
Q9Y664;0;0;0;0;0;1
Q9Y678;1;1;0;1;0;1
Q9Y680;0;0;0;1;1;1
Q9Y696;1;1;1;1;1;1
Q9Y697;0;1;1;0;0;0
Q9Y6C2;1;1;1;1;1;1
Q9Y6D9;1;0;0;0;0;0
Q9Y6E0;0;0;0;1;0;1
Q9Y6E2;1;1;1;1;0;1
Q9Y6F9;0;0;0;0;1;0
Q9Y6G3;0;1;1;1;0;1
Q9Y6G9;0;1;1;1;1;1
Q9Y6H1;0;1;0;0;0;0
Q9Y6I3;1;1;0;0;0;1
Q9Y6K5;1;0;1;1;0;1
Q9Y6K9;0;1;1;1;0;0
Q9Y6M7;0;0;0;1;1;0
Q9Y6M9;1;1;1;1;1;1
Q9Y6N5;1;1;1;1;1;1
Q9Y6Q5;0;0;0;0;0;1
Q9Y6R7;1;1;1;1;0;0
Q9Y6W3;0;0;1;1;0;0
Q9Y6W5;1;1;1;1;1;1
